"Oilseed, Soybean",9,2020,NULL,NULL,NULL,NULL
"Oilseed, Soybean",10,2020,3528,3.36,NULL,NULL
"Oilseed, Soybean",36,2020,NULL,NULL,NULL,NULL
"Oilseed, Soybean",45,2020,NULL,NULL,NULL,NULL
"Oilseed, Soybean",56,2020,184,3.29,NULL,NULL
"Oilseed, Soybean",75,2020,NULL,NULL,NULL,NULL
"Oilseed, Soybean",86,2020,98,2.75,NULL,NULL
"Oilseed, Soybean",108,2020,NULL,NULL,NULL,NULL
"Oilseed, Soybean",109,2020,15352,3.96,1674,NULL
"Oilseed, Soybean",111,2020,8363,3.89,633,NULL
"Oilseed, Soybean",113,2020,12540,3.56,2595,NULL
"Oilseed, Soybean",122,2020,4832,2.72,620,NULL
"Oilseed, Soybean",124,2020,2569,3.69,NULL,NULL
"Oilseed, Soybean",137,2020,1372,3.56,NULL,NULL
"Oilseed, Soybean",148,2020,554,3.15,NULL,NULL
"Oilseed, Soybean",153,2020,2613,3.15,298,NULL
"Oilseed, Soybean",154,2020,9118,3.29,1227,NULL
"Oilseed, Soybean",155,2020,2824,3.63,NULL,NULL
"Oilseed, Soybean",156,2020,7374,3.36,707,NULL
"Oilseed, Soybean",159,2020,NULL,NULL,NULL,NULL
"Oilseed, Soybean",164,2020,7466,3.83,1310,NULL
"Oilseed, Soybean",168,2020,NULL,NULL,NULL,NULL
"Oilseed, Soybean",170,2020,NULL,NULL,NULL,NULL
"Oilseed, Soybean",171,2020,108,3.09,NULL,NULL
"Oilseed, Soybean",172,2020,NULL,NULL,NULL,NULL
"Oilseed, Soybean",173,2020,403,3.42,NULL,NULL
"Oilseed, Soybean",178,2020,1474,2.48,NULL,NULL
"Oilseed, Soybean",179,2020,4847,2.25,872,NULL
"Oilseed, Soybean",183,2020,6676,3.63,786,NULL
"Oilseed, Soybean",184,2020,411,2.01,NULL,NULL
"Oilseed, Soybean",186,2020,NULL,NULL,NULL,NULL
"Oilseed, Soybean",192,2020,735,3.09,NULL,NULL
"Oilseed, Soybean",219,2020,266,2.35,NULL,NULL
"Oilseed, Soybean",220,2020,5683,3.05,1078,NULL
"Oilseed, Soybean",234,2020,2056,3.36,NULL,NULL
"Oilseed, Soybean",235,2020,94,2.28,NULL,NULL
"Oilseed, Soybean",250,2020,NULL,NULL,NULL,NULL
"Oilseed, Soybean",258,2020,597,2.82,NULL,NULL
"Oilseed, Soybean",259,2020,NULL,NULL,33,NULL
"Oilseed, Soybean",260,2020,NULL,NULL,NULL,NULL
"Oilseed, Soybean",261,2020,2550,3.42,380,NULL
"Oilseed, Soybean",262,2020,NULL,NULL,NULL,NULL
"Oilseed, Soybean",1,2019,237,2.42,NULL,NULL
"Oilseed, Soybean",9,2019,NULL,NULL,NULL,NULL
"Oilseed, Soybean",10,2019,3246,3.29,NULL,NULL
"Oilseed, Soybean",36,2019,NULL,NULL,NULL,NULL
"Oilseed, Soybean",45,2019,NULL,NULL,NULL,NULL
"Oilseed, Soybean",56,2019,182,3.15,NULL,NULL
"Oilseed, Soybean",75,2019,NULL,NULL,NULL,NULL
"Oilseed, Soybean",86,2019,63,1.94,NULL,NULL
"Oilseed, Soybean",108,2019,NULL,NULL,NULL,NULL
"Oilseed, Soybean",109,2019,13517,3.63,4746,1674
"Oilseed, Soybean",111,2019,6939,3.42,1155,633
"Oilseed, Soybean",113,2019,12734,3.69,4034,2595
"Oilseed, Soybean",122,2019,4730,2.79,1188,620
"Oilseed, Soybean",124,2019,1973,3.09,NULL,NULL
"Oilseed, Soybean",137,2019,1047,3.22,NULL,NULL
"Oilseed, Soybean",148,2019,530,2.95,NULL,NULL
"Oilseed, Soybean",153,2019,1768,2.72,467,298
"Oilseed, Soybean",154,2019,7562,2.95,2372,1227
"Oilseed, Soybean",155,2019,2069,3.36,NULL,NULL
"Oilseed, Soybean",156,2019,5850,3.09,1238,707
"Oilseed, Soybean",159,2019,NULL,NULL,NULL,NULL
"Oilseed, Soybean",164,2019,7188,3.93,1626,1310
"Oilseed, Soybean",168,2019,NULL,NULL,NULL,NULL
"Oilseed, Soybean",170,2019,NULL,NULL,NULL,NULL
"Oilseed, Soybean",171,2019,86,2.48,NULL,NULL
"Oilseed, Soybean",172,2019,NULL,NULL,NULL,NULL
"Oilseed, Soybean",173,2019,274,3.22,NULL,NULL
"Oilseed, Soybean",178,2019,1350,2.35,NULL,NULL
"Oilseed, Soybean",179,2019,4318,2.11,1010,872
"Oilseed, Soybean",183,2019,5311,3.29,1115,786
"Oilseed, Soybean",184,2019,323,1.94,NULL,NULL
"Oilseed, Soybean",186,2019,NULL,NULL,NULL,NULL
"Oilseed, Soybean",192,2019,758,3.29,NULL,NULL
"Oilseed, Soybean",219,2019,207,1.74,NULL,NULL
"Oilseed, Soybean",220,2019,3711,2.85,1480,1078
"Oilseed, Soybean",234,2019,1634,3.15,NULL,NULL
"Oilseed, Soybean",235,2019,51,1.88,NULL,NULL
"Oilseed, Soybean",250,2019,NULL,NULL,NULL,NULL
"Oilseed, Soybean",258,2019,483,2.28,NULL,NULL
"Oilseed, Soybean",259,2019,NULL,NULL,82,33
"Oilseed, Soybean",260,2019,NULL,NULL,NULL,NULL
"Oilseed, Soybean",261,2019,2016,3.15,751,380
"Oilseed, Soybean",262,2019,NULL,NULL,NULL,NULL
"Oilseed, Soybean",1,2018,340,2.68,NULL,NULL
"Oilseed, Soybean",9,2018,NULL,NULL,NULL,NULL
"Oilseed, Soybean",10,2018,4115,3.39,NULL,NULL
"Oilseed, Soybean",36,2018,NULL,NULL,NULL,NULL
"Oilseed, Soybean",45,2018,NULL,NULL,NULL,NULL
"Oilseed, Soybean",56,2018,176,2.79,NULL,NULL
"Oilseed, Soybean",75,2018,11,2.48,NULL,NULL
"Oilseed, Soybean",86,2018,130,2.65,NULL,NULL
"Oilseed, Soybean",108,2018,NULL,NULL,NULL,NULL
"Oilseed, Soybean",109,2018,16926,4.26,2188,4746
"Oilseed, Soybean",111,2018,8700,3.86,559,1155
"Oilseed, Soybean",113,2018,13975,3.76,2230,4034
"Oilseed, Soybean",122,2018,5119,2.89,468,1188
"Oilseed, Soybean",124,2018,2498,3.42,NULL,NULL
"Oilseed, Soybean",137,2018,1555,3.46,NULL,NULL
"Oilseed, Soybean",148,2018,621,3.19,NULL,NULL
"Oilseed, Soybean",153,2018,2785,3.19,154,467
"Oilseed, Soybean",154,2018,9516,3.29,1063,2372
"Oilseed, Soybean",155,2018,3002,3.63,NULL,NULL
"Oilseed, Soybean",156,2018,6529,2.99,502,1238
"Oilseed, Soybean",159,2018,NULL,NULL,NULL,NULL
"Oilseed, Soybean",164,2018,8231,3.89,1037,1626
"Oilseed, Soybean",168,2018,NULL,NULL,NULL,NULL
"Oilseed, Soybean",170,2018,NULL,NULL,NULL,NULL
"Oilseed, Soybean",171,2018,107,2.65,NULL,NULL
"Oilseed, Soybean",172,2018,NULL,NULL,NULL,NULL
"Oilseed, Soybean",173,2018,429,3.49,NULL,NULL
"Oilseed, Soybean",178,2018,1315,2.21,NULL,NULL
"Oilseed, Soybean",179,2018,6077,2.35,404,1010
"Oilseed, Soybean",183,2018,7136,3.76,616,1115
"Oilseed, Soybean",184,2018,426,1.88,NULL,NULL
"Oilseed, Soybean",186,2018,NULL,NULL,NULL,NULL
"Oilseed, Soybean",192,2018,711,2.99,NULL,NULL
"Oilseed, Soybean",219,2018,242,1.94,NULL,NULL
"Oilseed, Soybean",220,2018,6374,3.02,535,1480
"Oilseed, Soybean",234,2018,1929,3.05,NULL,NULL
"Oilseed, Soybean",235,2018,107,2.11,NULL,NULL
"Oilseed, Soybean",250,2018,NULL,NULL,NULL,NULL
"Oilseed, Soybean",258,2018,629,2.82,NULL,NULL
"Oilseed, Soybean",259,2018,NULL,NULL,NULL,82
"Oilseed, Soybean",260,2018,36,3.56,NULL,NULL
"Oilseed, Soybean",261,2018,2656,3.22,383,751
"Oilseed, Soybean",262,2018,NULL,NULL,NULL,NULL
"Oilseed, Soybean",1,2017,402,3.09,NULL,NULL
"Oilseed, Soybean",9,2017,NULL,NULL,NULL,NULL
"Oilseed, Soybean",10,2017,4531,3.42,NULL,NULL
"Oilseed, Soybean",36,2017,NULL,NULL,NULL,NULL
"Oilseed, Soybean",45,2017,NULL,NULL,NULL,NULL
"Oilseed, Soybean",56,2017,204,3.42,NULL,NULL
"Oilseed, Soybean",75,2017,12,2.28,NULL,NULL
"Oilseed, Soybean",86,2017,159,2.82,NULL,NULL
"Oilseed, Soybean",108,2017,NULL,NULL,NULL,NULL
"Oilseed, Soybean",109,2017,15534,3.89,979,2188
"Oilseed, Soybean",111,2017,8143,3.63,535,559
"Oilseed, Soybean",113,2017,14383,3.83,1347,2230
"Oilseed, Soybean",122,2017,4864,2.52,282,468
"Oilseed, Soybean",124,2017,2610,3.56,NULL,NULL
"Oilseed, Soybean",137,2017,1713,3.63,NULL,NULL
"Oilseed, Soybean",148,2017,640,3.42,NULL,NULL
"Oilseed, Soybean",153,2017,2449,2.85,178,154
"Oilseed, Soybean",154,2017,9755,3.19,832,1063
"Oilseed, Soybean",155,2017,2919,3.56,NULL,NULL
"Oilseed, Soybean",156,2017,7426,3.32,396,502
"Oilseed, Soybean",159,2017,NULL,NULL,NULL,NULL
"Oilseed, Soybean",164,2017,8276,3.86,584,1037
"Oilseed, Soybean",168,2017,NULL,NULL,NULL,NULL
"Oilseed, Soybean",170,2017,NULL,NULL,NULL,NULL
"Oilseed, Soybean",171,2017,113,3.02,NULL,NULL
"Oilseed, Soybean",172,2017,NULL,NULL,NULL,NULL
"Oilseed, Soybean",173,2017,302,3.02,NULL,NULL
"Oilseed, Soybean",178,2017,1716,2.68,NULL,NULL
"Oilseed, Soybean",179,2017,6174,2.31,432,404
"Oilseed, Soybean",183,2017,6396,3.32,511,616
"Oilseed, Soybean",184,2017,471,1.94,NULL,NULL
"Oilseed, Soybean",186,2017,NULL,NULL,NULL,NULL
"Oilseed, Soybean",192,2017,737,3.22,NULL,NULL
"Oilseed, Soybean",219,2017,376,2.55,NULL,NULL
"Oilseed, Soybean",220,2017,6124,2.89,449,535
"Oilseed, Soybean",234,2017,2107,3.36,NULL,NULL
"Oilseed, Soybean",235,2017,173,2.48,NULL,NULL
"Oilseed, Soybean",250,2017,NULL,NULL,NULL,NULL
"Oilseed, Soybean",258,2017,659,2.95,NULL,NULL
"Oilseed, Soybean",259,2017,NULL,NULL,63,NULL
"Oilseed, Soybean",260,2017,35,3.63,NULL,NULL
"Oilseed, Soybean",261,2017,2580,3.19,230,383
"Oilseed, Soybean",262,2017,NULL,NULL,NULL,NULL
"Oilseed, Soybean",1,2016,333,2.15,NULL,NULL
"Oilseed, Soybean",9,2016,NULL,NULL,NULL,NULL
"Oilseed, Soybean",10,2016,3686,3.15,NULL,NULL
"Oilseed, Soybean",36,2016,NULL,NULL,NULL,NULL
"Oilseed, Soybean",45,2016,NULL,NULL,NULL,NULL
"Oilseed, Soybean",56,2016,171,2.79,NULL,NULL
"Oilseed, Soybean",75,2016,26,2.42,NULL,NULL
"Oilseed, Soybean",86,2016,182,2.01,NULL,NULL
"Oilseed, Soybean",108,2016,NULL,NULL,NULL,NULL
"Oilseed, Soybean",109,2016,15053,3.96,698,979
"Oilseed, Soybean",111,2016,8218,3.86,305,535
"Oilseed, Soybean",113,2016,14379,4.03,927,1347
"Oilseed, Soybean",122,2016,4886,3.22,135,282
"Oilseed, Soybean",124,2016,2259,3.36,NULL,NULL
"Oilseed, Soybean",137,2016,1465,3.26,NULL,NULL
"Oilseed, Soybean",148,2016,542,2.79,NULL,NULL
"Oilseed, Soybean",153,2016,2641,3.39,148,178
"Oilseed, Soybean",154,2016,9887,3.49,436,832
"Oilseed, Soybean",155,2016,2461,3.22,NULL,NULL
"Oilseed, Soybean",156,2016,6891,3.29,264,396
"Oilseed, Soybean",159,2016,NULL,NULL,NULL,NULL
"Oilseed, Soybean",164,2016,7975,4.10,411,584
"Oilseed, Soybean",168,2016,NULL,NULL,NULL,NULL
"Oilseed, Soybean",170,2016,NULL,NULL,NULL,NULL
"Oilseed, Soybean",171,2016,89,2.42,NULL,NULL
"Oilseed, Soybean",172,2016,NULL,NULL,NULL,NULL
"Oilseed, Soybean",173,2016,333,2.75,NULL,NULL
"Oilseed, Soybean",178,2016,1474,2.35,NULL,NULL
"Oilseed, Soybean",179,2016,6310,2.79,135,432
"Oilseed, Soybean",183,2016,6696,3.66,350,511
"Oilseed, Soybean",184,2016,346,1.94,NULL,NULL
"Oilseed, Soybean",186,2016,NULL,NULL,NULL,NULL
"Oilseed, Soybean",192,2016,664,2.95,NULL,NULL
"Oilseed, Soybean",219,2016,318,2.08,NULL,NULL
"Oilseed, Soybean",220,2016,6496,3.32,240,449
"Oilseed, Soybean",234,2016,1862,3.02,NULL,NULL
"Oilseed, Soybean",235,2016,114,2.08,NULL,NULL
"Oilseed, Soybean",250,2016,NULL,NULL,NULL,NULL
"Oilseed, Soybean",258,2016,548,2.42,NULL,NULL
"Oilseed, Soybean",259,2016,NULL,NULL,101,63
"Oilseed, Soybean",260,2016,33,3.42,NULL,NULL
"Oilseed, Soybean",261,2016,2722,3.69,145,230
"Oilseed, Soybean",262,2016,NULL,NULL,NULL,NULL
"Oilseed, Soybean",1,2015,510,2.75,NULL,NULL
"Oilseed, Soybean",9,2015,NULL,NULL,NULL,NULL
"Oilseed, Soybean",10,2015,3943,3.29,NULL,NULL
"Oilseed, Soybean",36,2015,NULL,NULL,NULL,NULL
"Oilseed, Soybean",45,2015,NULL,NULL,NULL,NULL
"Oilseed, Soybean",56,2015,175,2.68,NULL,NULL
"Oilseed, Soybean",75,2015,27,2.55,NULL,NULL
"Oilseed, Soybean",86,2015,338,2.89,NULL,NULL
"Oilseed, Soybean",108,2015,NULL,NULL,NULL,NULL
"Oilseed, Soybean",109,2015,13818,3.76,716,698
"Oilseed, Soybean",111,2015,6981,3.36,398,305
"Oilseed, Soybean",113,2015,14056,3.79,946,927
"Oilseed, Soybean",122,2015,3772,2.58,227,135
"Oilseed, Soybean",124,2015,2251,3.29,NULL,NULL
"Oilseed, Soybean",137,2015,1446,2.75,NULL,NULL
"Oilseed, Soybean",148,2015,522,2.68,NULL,NULL
"Oilseed, Soybean",153,2015,2512,3.29,115,148
"Oilseed, Soybean",154,2015,9583,3.36,436,436
"Oilseed, Soybean",155,2015,2650,3.09,NULL,NULL
"Oilseed, Soybean",156,2015,4595,2.72,350,264
"Oilseed, Soybean",159,2015,NULL,NULL,NULL,NULL
"Oilseed, Soybean",164,2015,7759,3.89,396,411
"Oilseed, Soybean",168,2015,NULL,NULL,NULL,NULL
"Oilseed, Soybean",170,2015,NULL,NULL,NULL,NULL
"Oilseed, Soybean",171,2015,83,2.15,NULL,NULL
"Oilseed, Soybean",172,2015,NULL,NULL,NULL,NULL
"Oilseed, Soybean",173,2015,328,2.89,NULL,NULL
"Oilseed, Soybean",178,2015,1405,2.15,NULL,NULL
"Oilseed, Soybean",179,2015,4719,2.18,100,135
"Oilseed, Soybean",183,2015,6016,3.36,285,350
"Oilseed, Soybean",184,2015,295,2.08,NULL,NULL
"Oilseed, Soybean",186,2015,NULL,NULL,NULL,NULL
"Oilseed, Soybean",192,2015,653,2.95,NULL,NULL
"Oilseed, Soybean",219,2015,248,1.78,NULL,NULL
"Oilseed, Soybean",220,2015,5979,3.09,199,240
"Oilseed, Soybean",234,2015,2008,3.09,NULL,NULL
"Oilseed, Soybean",235,2015,75,1.74,NULL,NULL
"Oilseed, Soybean",250,2015,NULL,NULL,NULL,NULL
"Oilseed, Soybean",258,2015,543,2.31,NULL,NULL
"Oilseed, Soybean",259,2015,NULL,NULL,NULL,101
"Oilseed, Soybean",260,2015,31,3.22,NULL,NULL
"Oilseed, Soybean",261,2015,2349,3.32,188,145
"Oilseed, Soybean",262,2015,NULL,NULL,NULL,NULL
"Oilseed, Soybean",1,2014,477,2.68,NULL,NULL
"Oilseed, Soybean",9,2014,NULL,NULL,NULL,NULL
"Oilseed, Soybean",10,2014,4021,3.32,NULL,NULL
"Oilseed, Soybean",36,2014,NULL,NULL,NULL,NULL
"Oilseed, Soybean",45,2014,NULL,NULL,NULL,NULL
"Oilseed, Soybean",56,2014,220,3.19,NULL,NULL
"Oilseed, Soybean",75,2014,40,2.89,NULL,NULL
"Oilseed, Soybean",86,2014,294,2.68,NULL,NULL
"Oilseed, Soybean",108,2014,NULL,NULL,NULL,NULL
"Oilseed, Soybean",109,2014,13889,3.76,251,716
"Oilseed, Soybean",111,2014,7664,3.73,231,398
"Oilseed, Soybean",113,2014,12649,3.42,548,946
"Oilseed, Soybean",122,2014,3568,2.38,61,227
"Oilseed, Soybean",124,2014,2110,3.19,NULL,NULL
"Oilseed, Soybean",137,2014,2000,3.79,NULL,NULL
"Oilseed, Soybean",148,2014,589,3.09,NULL,NULL
"Oilseed, Soybean",153,2014,2201,2.85,NULL,115
"Oilseed, Soybean",154,2014,7659,2.79,262,436
"Oilseed, Soybean",155,2014,2891,3.49,NULL,NULL
"Oilseed, Soybean",156,2014,6599,3.12,130,350
"Oilseed, Soybean",159,2014,NULL,NULL,NULL,NULL
"Oilseed, Soybean",164,2014,7306,3.63,170,396
"Oilseed, Soybean",168,2014,NULL,NULL,NULL,NULL
"Oilseed, Soybean",170,2014,NULL,NULL,NULL,NULL
"Oilseed, Soybean",171,2014,115,2.95,NULL,NULL
"Oilseed, Soybean",172,2014,NULL,NULL,NULL,NULL
"Oilseed, Soybean",173,2014,369,2.99,NULL,NULL
"Oilseed, Soybean",178,2014,1756,2.68,NULL,NULL
"Oilseed, Soybean",179,2014,5141,2.31,33,100
"Oilseed, Soybean",183,2014,6250,3.52,134,285
"Oilseed, Soybean",184,2014,259,1.88,NULL,NULL
"Oilseed, Soybean",186,2014,NULL,NULL,NULL,NULL
"Oilseed, Soybean",192,2014,727,3.29,NULL,NULL
"Oilseed, Soybean",219,2014,390,2.35,NULL,NULL
"Oilseed, Soybean",220,2014,5837,3.02,87,199
"Oilseed, Soybean",234,2014,1880,3.09,NULL,NULL
"Oilseed, Soybean",235,2014,131,2.58,NULL,NULL
"Oilseed, Soybean",250,2014,NULL,NULL,NULL,NULL
"Oilseed, Soybean",258,2014,641,2.65,NULL,NULL
"Oilseed, Soybean",259,2014,NULL,NULL,3,NULL
"Oilseed, Soybean",260,2014,33,3.42,NULL,NULL
"Oilseed, Soybean",261,2014,1999,2.95,63,188
"Oilseed, Soybean",262,2014,NULL,NULL,NULL,NULL
"Oilseed, Soybean",1,2013,474,2.92,NULL,NULL
"Oilseed, Soybean",9,2013,NULL,NULL,NULL,NULL
"Oilseed, Soybean",10,2013,3578,2.92,NULL,NULL
"Oilseed, Soybean",36,2013,NULL,NULL,NULL,NULL
"Oilseed, Soybean",45,2013,NULL,NULL,NULL,NULL
"Oilseed, Soybean",56,2013,167,2.72,NULL,NULL
"Oilseed, Soybean",75,2013,31,2.75,NULL,NULL
"Oilseed, Soybean",86,2013,236,2.72,NULL,NULL
"Oilseed, Soybean",108,2013,NULL,NULL,NULL,NULL
"Oilseed, Soybean",109,2013,12033,3.36,415,251
"Oilseed, Soybean",111,2013,6785,3.46,214,231
"Oilseed, Soybean",113,2013,10684,3.05,1020,548
"Oilseed, Soybean",122,2013,3325,2.48,101,61
"Oilseed, Soybean",124,2013,2107,3.36,NULL,NULL
"Oilseed, Soybean",137,2013,1379,3.26,NULL,NULL
"Oilseed, Soybean",148,2013,481,2.65,NULL,NULL
"Oilseed, Soybean",153,2013,2169,2.99,50,NULL
"Oilseed, Soybean",154,2013,7058,2.82,399,262
"Oilseed, Soybean",155,2013,2323,3.09,NULL,NULL
"Oilseed, Soybean",156,2013,5127,2.42,192,130
"Oilseed, Soybean",159,2013,NULL,NULL,NULL,NULL
"Oilseed, Soybean",164,2013,6478,3.59,249,170
"Oilseed, Soybean",168,2013,NULL,NULL,NULL,NULL
"Oilseed, Soybean",170,2013,NULL,NULL,NULL,NULL
"Oilseed, Soybean",171,2013,88,2.65,NULL,NULL
"Oilseed, Soybean",172,2013,NULL,NULL,NULL,NULL
"Oilseed, Soybean",173,2013,338,3.22,NULL,NULL
"Oilseed, Soybean",178,2013,1233,2.25,NULL,NULL
"Oilseed, Soybean",179,2013,3585,2.05,61,33
"Oilseed, Soybean",183,2013,5642,3.32,137,134
"Oilseed, Soybean",184,2013,259,2.05,NULL,NULL
"Oilseed, Soybean",186,2013,NULL,NULL,NULL,NULL
"Oilseed, Soybean",192,2013,665,3.29,NULL,NULL
"Oilseed, Soybean",219,2013,224,1.91,NULL,NULL
"Oilseed, Soybean",220,2013,4709,2.72,153,87
"Oilseed, Soybean",234,2013,1829,3.12,NULL,NULL
"Oilseed, Soybean",235,2013,59,1.71,NULL,NULL
"Oilseed, Soybean",250,2013,NULL,NULL,NULL,NULL
"Oilseed, Soybean",258,2013,586,2.58,NULL,NULL
"Oilseed, Soybean",259,2013,NULL,NULL,24,3
"Oilseed, Soybean",260,2013,25,3.12,NULL,NULL
"Oilseed, Soybean",261,2013,1534,2.62,122,63
"Oilseed, Soybean",262,2013,NULL,NULL,NULL,NULL
"Oilseed, Soybean",1,2012,382,3.02,NULL,NULL
"Oilseed, Soybean",9,2012,NULL,NULL,NULL,NULL
"Oilseed, Soybean",10,2012,3478,2.92,NULL,NULL
"Oilseed, Soybean",36,2012,NULL,NULL,NULL,NULL
"Oilseed, Soybean",45,2012,NULL,NULL,NULL,NULL
"Oilseed, Soybean",56,2012,181,2.85,NULL,NULL
"Oilseed, Soybean",75,2012,19,2.62,NULL,NULL
"Oilseed, Soybean",86,2012,204,2.52,NULL,NULL
"Oilseed, Soybean",108,2012,NULL,NULL,NULL,NULL
"Oilseed, Soybean",109,2012,9748,2.89,601,415
"Oilseed, Soybean",111,2012,5719,2.95,292,214
"Oilseed, Soybean",113,2012,10635,3.02,984,1020
"Oilseed, Soybean",122,2012,2230,1.54,129,101
"Oilseed, Soybean",124,2012,1492,2.68,NULL,NULL
"Oilseed, Soybean",137,2012,1316,3.12,NULL,NULL
"Oilseed, Soybean",148,2012,566,3.15,NULL,NULL
"Oilseed, Soybean",153,2012,2172,2.89,97,50
"Oilseed, Soybean",154,2012,7730,2.92,397,399
"Oilseed, Soybean",155,2012,2227,3.02,NULL,NULL
"Oilseed, Soybean",156,2012,4013,2.01,195,192
"Oilseed, Soybean",159,2012,NULL,NULL,NULL,NULL
"Oilseed, Soybean",164,2012,5257,2.79,448,249
"Oilseed, Soybean",168,2012,NULL,NULL,NULL,NULL
"Oilseed, Soybean",170,2012,NULL,NULL,NULL,NULL
"Oilseed, Soybean",171,2012,93,2.62,NULL,NULL
"Oilseed, Soybean",172,2012,NULL,NULL,NULL,NULL
"Oilseed, Soybean",173,2012,364,3.09,NULL,NULL
"Oilseed, Soybean",178,2012,1584,2.65,NULL,NULL
"Oilseed, Soybean",179,2012,4142,2.31,77,61
"Oilseed, Soybean",183,2012,5243,3.02,291,137
"Oilseed, Soybean",184,2012,99,1.00,NULL,NULL
"Oilseed, Soybean",186,2012,NULL,NULL,NULL,NULL
"Oilseed, Soybean",192,2012,633,3.22,NULL,NULL
"Oilseed, Soybean",219,2012,319,2.28,NULL,NULL
"Oilseed, Soybean",220,2012,3654,2.05,163,153
"Oilseed, Soybean",234,2012,1186,2.55,NULL,NULL
"Oilseed, Soybean",235,2012,72,1.74,NULL,NULL
"Oilseed, Soybean",250,2012,NULL,NULL,NULL,NULL
"Oilseed, Soybean",258,2012,618,2.82,NULL,NULL
"Oilseed, Soybean",259,2012,NULL,NULL,NULL,24
"Oilseed, Soybean",260,2012,24,3.29,NULL,NULL
"Oilseed, Soybean",261,2012,1812,2.82,109,122
"Oilseed, Soybean",262,2012,NULL,NULL,NULL,NULL
"Oilseed, Soybean",1,2011,247,2.21,NULL,NULL
"Oilseed, Soybean",9,2011,NULL,NULL,NULL,NULL
"Oilseed, Soybean",10,2011,3205,2.58,NULL,NULL
"Oilseed, Soybean",36,2011,NULL,NULL,NULL,NULL
"Oilseed, Soybean",45,2011,NULL,NULL,NULL,NULL
"Oilseed, Soybean",56,2011,168,2.65,NULL,NULL
"Oilseed, Soybean",75,2011,10,1.81,NULL,NULL
"Oilseed, Soybean",86,2011,75,1.47,NULL,NULL
"Oilseed, Soybean",108,2011,NULL,NULL,NULL,NULL
"Oilseed, Soybean",109,2011,10744,3.19,743,601
"Oilseed, Soybean",111,2011,6110,3.05,271,292
"Oilseed, Soybean",113,2011,12067,3.46,1196,984
"Oilseed, Soybean",122,2011,2625,1.84,159,129
"Oilseed, Soybean",124,2011,1465,2.62,NULL,NULL
"Oilseed, Soybean",137,2011,895,2.42,NULL,NULL
"Oilseed, Soybean",148,2011,460,2.62,NULL,NULL
"Oilseed, Soybean",153,2011,2191,2.99,142,97
"Oilseed, Soybean",154,2011,6970,2.62,640,397
"Oilseed, Soybean",155,2011,1782,2.62,NULL,NULL
"Oilseed, Soybean",156,2011,4827,2.45,186,195
"Oilseed, Soybean",159,2011,NULL,NULL,NULL,NULL
"Oilseed, Soybean",164,2011,6635,3.63,389,448
"Oilseed, Soybean",168,2011,NULL,NULL,NULL,NULL
"Oilseed, Soybean",170,2011,NULL,NULL,NULL,NULL
"Oilseed, Soybean",171,2011,82,2.55,NULL,NULL
"Oilseed, Soybean",172,2011,NULL,NULL,NULL,NULL
"Oilseed, Soybean",173,2011,302,2.89,NULL,NULL
"Oilseed, Soybean",178,2011,1053,2.05,NULL,NULL
"Oilseed, Soybean",179,2011,2915,1.94,204,77
"Oilseed, Soybean",183,2011,5532,3.22,424,291
"Oilseed, Soybean",184,2011,87,0.87,NULL,NULL
"Oilseed, Soybean",186,2011,NULL,NULL,NULL,NULL
"Oilseed, Soybean",192,2011,547,2.95,NULL,NULL
"Oilseed, Soybean",219,2011,233,1.71,NULL,NULL
"Oilseed, Soybean",220,2011,3823,2.48,331,163
"Oilseed, Soybean",234,2011,1023,2.15,NULL,NULL
"Oilseed, Soybean",235,2011,43,1.27,NULL,NULL
"Oilseed, Soybean",250,2011,NULL,NULL,NULL,NULL
"Oilseed, Soybean",258,2011,558,2.68,NULL,NULL
"Oilseed, Soybean",259,2011,NULL,NULL,31,NULL
"Oilseed, Soybean",260,2011,20,2.89,NULL,NULL
"Oilseed, Soybean",261,2011,1921,3.15,133,109
"Oilseed, Soybean",262,2011,NULL,NULL,NULL,NULL
"Oilseed, Soybean",1,2010,227,1.74,NULL,NULL
"Oilseed, Soybean",9,2010,NULL,NULL,NULL,NULL
"Oilseed, Soybean",10,2010,2798,2.35,NULL,NULL
"Oilseed, Soybean",36,2010,NULL,NULL,NULL,NULL
"Oilseed, Soybean",45,2010,NULL,NULL,NULL,NULL
"Oilseed, Soybean",56,2010,140,2.15,NULL,NULL
"Oilseed, Soybean",75,2010,17,2.01,NULL,NULL
"Oilseed, Soybean",86,2010,168,1.74,NULL,NULL
"Oilseed, Soybean",108,2010,NULL,NULL,NULL,NULL
"Oilseed, Soybean",109,2010,11832,3.46,524,743
"Oilseed, Soybean",111,2010,6562,3.26,160,271
"Oilseed, Soybean",113,2010,12597,3.42,968,1196
"Oilseed, Soybean",122,2010,3560,2.21,115,159
"Oilseed, Soybean",124,2010,1199,2.28,NULL,NULL
"Oilseed, Soybean",137,2010,1061,2.75,NULL,NULL
"Oilseed, Soybean",148,2010,401,2.28,NULL,NULL
"Oilseed, Soybean",153,2010,2252,2.92,116,142
"Oilseed, Soybean",154,2010,8351,3.02,377,640
"Oilseed, Soybean",155,2010,1935,2.58,NULL,NULL
"Oilseed, Soybean",156,2010,5341,2.79,162,186
"Oilseed, Soybean",159,2010,NULL,NULL,NULL,NULL
"Oilseed, Soybean",164,2010,6797,3.52,233,389
"Oilseed, Soybean",168,2010,NULL,NULL,NULL,NULL
"Oilseed, Soybean",170,2010,NULL,NULL,NULL,NULL
"Oilseed, Soybean",171,2010,56,1.61,NULL,NULL
"Oilseed, Soybean",172,2010,NULL,NULL,NULL,NULL
"Oilseed, Soybean",173,2010,339,3.22,NULL,NULL
"Oilseed, Soybean",178,2010,1023,1.74,NULL,NULL
"Oilseed, Soybean",179,2010,3513,2.28,104,204
"Oilseed, Soybean",183,2010,5593,3.22,159,424
"Oilseed, Soybean",184,2010,301,1.68,NULL,NULL
"Oilseed, Soybean",186,2010,NULL,NULL,NULL,NULL
"Oilseed, Soybean",192,2010,527,2.82,NULL,NULL
"Oilseed, Soybean",219,2010,265,1.54,NULL,NULL
"Oilseed, Soybean",220,2010,3993,2.55,156,331
"Oilseed, Soybean",234,2010,1109,2.08,NULL,NULL
"Oilseed, Soybean",235,2010,140,2.01,NULL,NULL
"Oilseed, Soybean",250,2010,NULL,NULL,NULL,NULL
"Oilseed, Soybean",258,2010,356,1.74,NULL,NULL
"Oilseed, Soybean",259,2010,NULL,NULL,16,31
"Oilseed, Soybean",260,2010,13,2.01,NULL,NULL
"Oilseed, Soybean",261,2010,2089,3.39,131,133
"Oilseed, Soybean",262,2010,NULL,NULL,NULL,NULL
"Oilseed, Soybean",1,2009,436,2.68,NULL,NULL
"Oilseed, Soybean",9,2009,NULL,NULL,NULL,NULL
"Oilseed, Soybean",10,2009,3113,2.52,NULL,NULL
"Oilseed, Soybean",36,2009,NULL,NULL,NULL,NULL
"Oilseed, Soybean",45,2009,NULL,NULL,NULL,NULL
"Oilseed, Soybean",56,2009,195,2.82,NULL,NULL
"Oilseed, Soybean",75,2009,32,2.55,NULL,NULL
"Oilseed, Soybean",86,2009,402,2.42,NULL,NULL
"Oilseed, Soybean",108,2009,NULL,NULL,NULL,NULL
"Oilseed, Soybean",109,2009,10919,3.09,554,524
"Oilseed, Soybean",111,2009,6767,3.29,159,160
"Oilseed, Soybean",113,2009,12338,3.42,769,968
"Oilseed, Soybean",122,2009,4123,2.99,116,115
"Oilseed, Soybean",124,2009,1730,3.22,NULL,NULL
"Oilseed, Soybean",137,2009,930,2.62,NULL,NULL
"Oilseed, Soybean",148,2009,506,2.82,NULL,NULL
"Oilseed, Soybean",153,2009,2020,2.68,110,116
"Oilseed, Soybean",154,2009,7230,2.68,361,377
"Oilseed, Soybean",155,2009,1958,2.55,NULL,NULL
"Oilseed, Soybean",156,2009,5853,2.92,116,162
"Oilseed, Soybean",159,2009,NULL,NULL,NULL,NULL
"Oilseed, Soybean",164,2009,6585,3.66,208,233
"Oilseed, Soybean",168,2009,NULL,NULL,NULL,NULL
"Oilseed, Soybean",170,2009,NULL,NULL,NULL,NULL
"Oilseed, Soybean",171,2009,92,2.82,NULL,NULL
"Oilseed, Soybean",172,2009,NULL,NULL,NULL,NULL
"Oilseed, Soybean",173,2009,277,2.89,NULL,NULL
"Oilseed, Soybean",178,2009,1510,2.28,NULL,NULL
"Oilseed, Soybean",179,2009,2947,2.01,79,104
"Oilseed, Soybean",183,2009,5635,3.29,144,159
"Oilseed, Soybean",184,2009,306,2.08,NULL,NULL
"Oilseed, Soybean",186,2009,NULL,NULL,NULL,NULL
"Oilseed, Soybean",192,2009,519,3.09,NULL,NULL
"Oilseed, Soybean",219,2009,351,1.64,NULL,NULL
"Oilseed, Soybean",220,2009,4467,2.82,165,156
"Oilseed, Soybean",234,2009,1747,3.02,NULL,NULL
"Oilseed, Soybean",235,2009,123,1.71,NULL,NULL
"Oilseed, Soybean",250,2009,NULL,NULL,NULL,NULL
"Oilseed, Soybean",258,2009,535,2.48,NULL,NULL
"Oilseed, Soybean",259,2009,NULL,NULL,NULL,16
"Oilseed, Soybean",260,2009,19,2.75,NULL,NULL
"Oilseed, Soybean",261,2009,1645,2.68,96,131
"Oilseed, Soybean",262,2009,NULL,NULL,NULL,NULL
"Oilseed, Soybean",109,2008,10881,3.15,881,554
"Oilseed, Soybean",111,2008,6203,3.02,304,159
"Oilseed, Soybean",113,2008,11415,3.12,1453,769
"Oilseed, Soybean",122,2008,3052,2.48,149,116
"Oilseed, Soybean",153,2008,1775,2.48,179,110
"Oilseed, Soybean",154,2008,6724,2.55,535,361
"Oilseed, Soybean",156,2008,4852,2.55,237,116
"Oilseed, Soybean",164,2008,5737,3.12,377,208
"Oilseed, Soybean",179,2008,2672,1.88,118,79
"Oilseed, Soybean",183,2008,4094,2.42,191,144
"Oilseed, Soybean",220,2008,3504,2.28,162,165
"Oilseed, Soybean",261,2008,1412,2.35,147,96
"Oilseed, Soybean",109,2007,9143,2.92,2453,881
"Oilseed, Soybean",111,2007,5593,3.09,595,304
"Oilseed, Soybean",113,2007,11392,3.49,3655,1453
"Oilseed, Soybean",122,2007,2186,2.21,646,149
"Oilseed, Soybean",153,2007,1817,2.68,276,179
"Oilseed, Soybean",154,2007,6786,2.85,1749,535
"Oilseed, Soybean",156,2007,4445,2.52,492,237
"Oilseed, Soybean",164,2007,4984,3.42,1502,377
"Oilseed, Soybean",179,2007,2757,2.38,479,118
"Oilseed, Soybean",183,2007,5059,3.15,599,191
"Oilseed, Soybean",220,2007,3454,2.82,643,162
"Oilseed, Soybean",261,2007,1418,2.72,403,147
"Oilseed, Soybean",109,2006,12246,3.22,1863,2453
"Oilseed, Soybean",111,2006,7209,3.36,412,595
"Oilseed, Soybean",113,2006,12948,3.39,2800,3655
"Oilseed, Soybean",122,2006,2502,2.15,483,646
"Oilseed, Soybean",153,2006,2323,3.09,210,276
"Oilseed, Soybean",154,2006,8190,2.99,1637,1749
"Oilseed, Soybean",156,2006,4929,2.55,588,492
"Oilseed, Soybean",164,2006,6359,3.36,896,1502
"Oilseed, Soybean",179,2006,3094,2.11,345,479
"Oilseed, Soybean",183,2006,5512,3.15,376,599
"Oilseed, Soybean",220,2006,3323,2.28,636,643
"Oilseed, Soybean",261,2006,1831,2.95,331,403
"Oilseed, Soybean",109,2005,11155,3.12,1305,1863
"Oilseed, Soybean",111,2005,6692,3.29,281,412
"Oilseed, Soybean",113,2005,13328,3.52,1468,2800
"Oilseed, Soybean",122,2005,2677,2.48,153,483
"Oilseed, Soybean",153,2005,1945,2.58,125,210
"Oilseed, Soybean",154,2005,7854,3.05,744,1637
"Oilseed, Soybean",156,2005,4612,2.48,396,588
"Oilseed, Soybean",164,2005,5974,3.39,400,896
"Oilseed, Soybean",179,2005,2687,2.45,119,345
"Oilseed, Soybean",183,2005,5118,3.02,243,376
"Oilseed, Soybean",220,2005,3420,2.35,241,636
"Oilseed, Soybean",261,2005,1764,2.95,211,331
"Oilseed, Soybean",109,2004,12566,3.36,417,1305
"Oilseed, Soybean",111,2004,7217,3.46,179,281
"Oilseed, Soybean",113,2004,12626,3.29,776,1468
"Oilseed, Soybean",122,2004,2820,2.75,68,153
"Oilseed, Soybean",153,2004,1910,2.55,40,125
"Oilseed, Soybean",154,2004,5906,2.21,324,744
"Oilseed, Soybean",156,2004,5666,3.02,140,396
"Oilseed, Soybean",164,2004,5547,3.09,163,400
"Oilseed, Soybean",179,2004,2084,1.54,46,119
"Oilseed, Soybean",183,2004,5273,3.15,91,243
"Oilseed, Soybean",220,2004,3556,2.28,103,241
"Oilseed, Soybean",261,2004,1357,2.31,81,211
"Oilseed, Soybean",109,2003,9637,2.48,591,417
"Oilseed, Soybean",111,2003,5180,2.55,297,179
"Oilseed, Soybean",113,2003,8704,2.18,1348,776
"Oilseed, Soybean",122,2003,1448,1.54,94,68
"Oilseed, Soybean",153,2003,1389,1.84,104,40
"Oilseed, Soybean",154,2003,6052,2.15,497,324
"Oilseed, Soybean",156,2003,3707,1.98,165,140
"Oilseed, Soybean",164,2003,4626,2.72,303,163
"Oilseed, Soybean",179,2003,2245,1.94,75,46
"Oilseed, Soybean",183,2003,4183,2.58,242,91
"Oilseed, Soybean",220,2003,2932,1.84,129,103
"Oilseed, Soybean",261,2003,1187,1.88,120,81
"Oilseed, Soybean",109,2002,11516,2.89,691,591
"Oilseed, Soybean",111,2002,6079,2.79,283,297
"Oilseed, Soybean",113,2002,12673,3.22,1406,1348
"Oilseed, Soybean",122,2002,1483,1.54,130,94
"Oilseed, Soybean",153,2002,1993,2.58,73,104
"Oilseed, Soybean",154,2002,7840,2.92,703,497
"Oilseed, Soybean",156,2002,4315,2.28,282,165
"Oilseed, Soybean",164,2002,4476,2.58,335,303
"Oilseed, Soybean",179,2002,2203,2.21,56,75
"Oilseed, Soybean",183,2002,3834,2.15,318,242
"Oilseed, Soybean",220,2002,3218,2.08,210,129
"Oilseed, Soybean",261,2002,1697,2.95,114,120
"Oilseed, Soybean",109,2001,12132,3.02,882,691
"Oilseed, Soybean",111,2001,6953,3.29,265,283
"Oilseed, Soybean",113,2001,12198,2.95,1558,1406
"Oilseed, Soybean",122,2001,2217,2.15,188,130
"Oilseed, Soybean",153,2001,1622,2.01,91,73
"Oilseed, Soybean",154,2001,6763,2.48,886,703
"Oilseed, Soybean",156,2001,4727,2.55,374,282
"Oilseed, Soybean",164,2001,5660,3.05,404,335
"Oilseed, Soybean",183,2001,4767,2.75,204,318
"Oilseed, Soybean",220,2001,3631,2.15,379,210
"Oilseed, Soybean",261,2001,1474,2.48,182,114
"Oilseed, Soybean",109,2000,11673,2.95,988,882
"Oilseed, Soybean",111,2000,6399,3.09,297,265
"Oilseed, Soybean",113,2000,11794,2.92,2031,1558
"Oilseed, Soybean",122,2000,1269,1.34,251,188
"Oilseed, Soybean",153,2000,1855,2.42,142,91
"Oilseed, Soybean",154,2000,7442,2.75,1030,886
"Oilseed, Soybean",156,2000,4442,2.35,356,374
"Oilseed, Soybean",164,2000,4413,2.55,567,404
"Oilseed, Soybean",183,2000,4734,2.82,286,204
"Oilseed, Soybean",220,2000,3882,2.35,428,379
"Oilseed, Soybean",261,2000,1523,2.68,204,182
"Oilseed, Soybean",109,1999,11249,2.82,1276,988
"Oilseed, Soybean",111,1999,5495,2.62,337,297
"Oilseed, Soybean",113,1999,12144,2.99,2306,2031
"Oilseed, Soybean",122,1999,2061,1.94,334,251
"Oilseed, Soybean",153,1999,1970,2.68,156,142
"Oilseed, Soybean",154,1999,7357,2.82,1335,1030
"Oilseed, Soybean",156,1999,3735,1.84,496,356
"Oilseed, Soybean",164,1999,4585,2.85,497,567
"Oilseed, Soybean",183,1999,4112,2.42,334,286
"Oilseed, Soybean",220,1999,3719,2.42,403,428
"Oilseed, Soybean",261,1999,1518,3.09,226,204
"Oilseed, Soybean",109,1998,11784,2.95,826,1276
"Oilseed, Soybean",111,1998,5864,2.82,161,337
"Oilseed, Soybean",113,1998,12612,3.22,1414,2306
"Oilseed, Soybean",122,1998,1904,2.01,242,334
"Oilseed, Soybean",153,1998,1871,2.62,70,156
"Oilseed, Soybean",154,1998,7250,2.82,555,1335
"Oilseed, Soybean",156,1998,4315,2.28,263,496
"Oilseed, Soybean",164,1998,4188,2.95,321,497
"Oilseed, Soybean",170,1998,NULL,NULL,NULL,NULL
"Oilseed, Soybean",183,1998,4903,2.95,202,334
"Oilseed, Soybean",220,1998,3366,2.62,216,403
"Oilseed, Soybean",259,1998,NULL,NULL,5,NULL
"Oilseed, Soybean",261,1998,1312,3.15,106,226
"Oilseed, Soybean",10,1997,2787,2.05,58,NULL
"Oilseed, Soybean",45,1997,NULL,NULL,NULL,NULL
"Oilseed, Soybean",109,1997,10861,2.89,606,826
"Oilseed, Soybean",111,1997,5853,2.92,149,161
"Oilseed, Soybean",113,1997,12145,3.09,878,1414
"Oilseed, Soybean",122,1997,2207,2.48,113,242
"Oilseed, Soybean",137,1997,993,1.94,59,NULL
"Oilseed, Soybean",153,1997,1817,2.58,39,70
"Oilseed, Soybean",154,1997,6485,2.62,352,555
"Oilseed, Soybean",156,1997,4432,2.42,177,263
"Oilseed, Soybean",164,1997,3650,2.72,273,321
"Oilseed, Soybean",173,1997,NULL,NULL,2,NULL
"Oilseed, Soybean",178,1997,979,1.94,47,NULL
"Oilseed, Soybean",179,1997,853,1.98,12,NULL
"Oilseed, Soybean",183,1997,4847,2.95,149,202
"Oilseed, Soybean",220,1997,2887,2.35,131,216
"Oilseed, Soybean",234,1997,1035,2.28,10,NULL
"Oilseed, Soybean",261,1997,1117,2.95,33,106
"Oilseed, Soybean",10,1996,2843,2.15,82,58
"Oilseed, Soybean",109,1996,10127,2.72,823,606
"Oilseed, Soybean",111,1996,5170,2.55,203,149
"Oilseed, Soybean",113,1996,10555,2.95,1145,878
"Oilseed, Soybean",122,1996,1878,2.48,163,113
"Oilseed, Soybean",137,1996,904,2.21,124,59
"Oilseed, Soybean",153,1996,1186,1.91,52,39
"Oilseed, Soybean",154,1996,5691,2.55,562,352
"Oilseed, Soybean",156,1996,3804,2.48,298,177
"Oilseed, Soybean",164,1996,3438,3.02,295,273
"Oilseed, Soybean",173,1996,NULL,NULL,2,2
"Oilseed, Soybean",178,1996,883,1.94,84,47
"Oilseed, Soybean",179,1996,622,1.94,25,12
"Oilseed, Soybean",183,1996,3989,2.35,245,149
"Oilseed, Soybean",220,1996,2304,2.28,108,131
"Oilseed, Soybean",234,1996,977,2.35,10,10
"Oilseed, Soybean",261,1996,817,2.48,53,33
"Oilseed, Soybean",10,1995,2244,1.74,150,82
"Oilseed, Soybean",109,1995,9603,2.62,1456,823
"Oilseed, Soybean",111,1995,4993,2.65,420,203
"Oilseed, Soybean",113,1995,10343,2.95,1981,1145
"Oilseed, Soybean",122,1995,1301,1.68,305,163
"Oilseed, Soybean",124,1995,1051,2.42,66,NULL
"Oilseed, Soybean",137,1995,660,1.68,92,124
"Oilseed, Soybean",153,1995,1513,2.68,94,52
"Oilseed, Soybean",154,1995,5963,2.72,1385,562
"Oilseed, Soybean",156,1995,3370,1.98,469,298
"Oilseed, Soybean",164,1995,2563,2.21,488,295
"Oilseed, Soybean",173,1995,NULL,NULL,2,2
"Oilseed, Soybean",178,1995,679,1.68,111,84
"Oilseed, Soybean",179,1995,471,1.94,74,25
"Oilseed, Soybean",183,1995,3887,2.55,354,245
"Oilseed, Soybean",219,1995,322,1.61,76,NULL
"Oilseed, Soybean",220,1995,1904,2.01,261,108
"Oilseed, Soybean",234,1995,812,2.15,27,10
"Oilseed, Soybean",261,1995,873,2.89,159,53
"Oilseed, Soybean",10,1994,2934,2.28,145,150
"Oilseed, Soybean",109,1994,10892,3.05,1087,1456
"Oilseed, Soybean",111,1994,5464,3.15,234,420
"Oilseed, Soybean",113,1994,11243,3.39,1090,1981
"Oilseed, Soybean",122,1994,1865,2.35,168,305
"Oilseed, Soybean",137,1994,810,1.91,100,92
"Oilseed, Soybean",153,1994,1446,2.48,45,94
"Oilseed, Soybean",154,1994,5686,2.68,654,1385
"Oilseed, Soybean",156,1994,4399,2.55,317,469
"Oilseed, Soybean",164,1994,3412,3.15,333,488
"Oilseed, Soybean",178,1994,1062,2.08,149,111
"Oilseed, Soybean",179,1994,480,2.08,59,74
"Oilseed, Soybean",183,1994,4406,2.92,269,354
"Oilseed, Soybean",219,1994,397,1.81,36,76
"Oilseed, Soybean",220,1994,2315,2.55,96,261
"Oilseed, Soybean",234,1994,926,2.45,28,27
"Oilseed, Soybean",261,1994,916,2.92,90,159
"Oilseed, Soybean",10,1993,2343,1.74,79,145
"Oilseed, Soybean",86,1993,207,1.14,60,NULL
"Oilseed, Soybean",109,1993,9824,2.89,1322,1087
"Oilseed, Soybean",111,1993,5663,3.09,237,234
"Oilseed, Soybean",113,1993,6532,2.08,2223,1090
"Oilseed, Soybean",122,1993,1350,1.88,195,168
"Oilseed, Soybean",124,1993,963,2.21,51,NULL
"Oilseed, Soybean",137,1993,792,1.61,65,100
"Oilseed, Soybean",153,1993,1389,2.55,49,45
"Oilseed, Soybean",154,1993,2919,1.54,1264,654
"Oilseed, Soybean",156,1993,3015,2.21,470,317
"Oilseed, Soybean",159,1993,NULL,NULL,382,NULL
"Oilseed, Soybean",164,1993,2284,2.42,382,333
"Oilseed, Soybean",178,1993,761,1.61,127,149
"Oilseed, Soybean",179,1993,233,1.14,59,59
"Oilseed, Soybean",183,1993,3964,2.55,209,269
"Oilseed, Soybean",219,1993,198,1.00,21,36
"Oilseed, Soybean",220,1993,977,1.47,261,96
"Oilseed, Soybean",234,1993,787,2.08,21,28
"Oilseed, Soybean",261,1993,524,2.35,60,90
"Oilseed, Soybean",10,1992,2647,2.21,182,79
"Oilseed, Soybean",86,1992,471,1.94,55,60
"Oilseed, Soybean",109,1992,10294,2.89,1289,1322
"Oilseed, Soybean",111,1992,4934,2.89,251,237
"Oilseed, Soybean",113,1992,9126,2.95,1660,2223
"Oilseed, Soybean",122,1992,1737,2.48,180,195
"Oilseed, Soybean",124,1992,1070,2.55,71,51
"Oilseed, Soybean",137,1992,891,2.01,171,65
"Oilseed, Soybean",153,1992,1206,2.21,96,49
"Oilseed, Soybean",154,1992,4386,2.15,1034,1264
"Oilseed, Soybean",156,1992,4100,2.55,436,470
"Oilseed, Soybean",164,1992,2623,2.82,449,382
"Oilseed, Soybean",173,1992,NULL,NULL,1,NULL
"Oilseed, Soybean",178,1992,925,1.81,81,127
"Oilseed, Soybean",179,1992,437,1.68,55,59
"Oilseed, Soybean",183,1992,3736,2.68,309,209
"Oilseed, Soybean",220,1992,1599,1.88,203,261
"Oilseed, Soybean",234,1992,844,2.35,35,21
"Oilseed, Soybean",261,1992,560,2.15,61,60
"Oilseed, Soybean",10,1991,2274,1.88,171,182
"Oilseed, Soybean",86,1991,404,1.81,72,55
"Oilseed, Soybean",109,1991,8663,2.52,1698,1289
"Oilseed, Soybean",111,1991,4356,2.62,402,251
"Oilseed, Soybean",113,1991,8873,2.72,1999,1660
"Oilseed, Soybean",122,1991,1109,1.54,204,180
"Oilseed, Soybean",124,1991,932,2.18,137,71
"Oilseed, Soybean",137,1991,780,1.94,92,171
"Oilseed, Soybean",153,1991,1340,2.55,90,96
"Oilseed, Soybean",154,1991,4957,2.45,1220,1034
"Oilseed, Soybean",155,1991,1188,1.74,93,NULL
"Oilseed, Soybean",156,1991,3430,2.05,431,436
"Oilseed, Soybean",164,1991,2092,2.25,453,449
"Oilseed, Soybean",178,1991,981,1.98,92,81
"Oilseed, Soybean",179,1991,487,2.05,31,55
"Oilseed, Soybean",183,1991,3445,2.42,503,309
"Oilseed, Soybean",220,1991,1480,1.81,165,203
"Oilseed, Soybean",234,1991,799,2.01,68,35
"Oilseed, Soybean",261,1991,586,2.82,98,61
"Oilseed, Soybean",10,1990,2296,1.81,69,171
"Oilseed, Soybean",109,1990,9009,2.62,1145,1698
"Oilseed, Soybean",111,1990,4350,2.75,323,402
"Oilseed, Soybean",113,1990,8323,2.79,1397,1999
"Oilseed, Soybean",122,1990,1188,1.61,206,204
"Oilseed, Soybean",124,1990,991,2.15,118,137
"Oilseed, Soybean",137,1990,1066,1.61,109,92
"Oilseed, Soybean",153,1990,1099,2.55,56,90
"Oilseed, Soybean",154,1990,4554,2.62,756,1220
"Oilseed, Soybean",156,1990,3160,2.01,328,431
"Oilseed, Soybean",164,1990,2067,2.31,349,453
"Oilseed, Soybean",178,1990,822,1.61,135,92
"Oilseed, Soybean",179,1990,326,1.74,25,31
"Oilseed, Soybean",183,1990,3445,2.62,295,503
"Oilseed, Soybean",219,1990,352,1.24,58,NULL
"Oilseed, Soybean",220,1990,1364,1.88,123,165
"Oilseed, Soybean",234,1990,856,1.81,29,68
"Oilseed, Soybean",261,1990,447,2.75,54,98
"Oilseed, Soybean",10,1989,1909,1.57,57,69
"Oilseed, Soybean",86,1989,726,1.74,26,NULL
"Oilseed, Soybean",109,1989,8987,2.68,869,1145
"Oilseed, Soybean",111,1989,4216,2.45,148,323
"Oilseed, Soybean",113,1989,8198,2.62,1229,1397
"Oilseed, Soybean",122,1989,1268,1.81,149,206
"Oilseed, Soybean",137,1989,977,1.47,28,109
"Oilseed, Soybean",153,1989,987,2.42,42,56
"Oilseed, Soybean",154,1989,4696,2.48,552,756
"Oilseed, Soybean",155,1989,1015,1.34,34,NULL
"Oilseed, Soybean",156,1989,3092,1.88,393,328
"Oilseed, Soybean",164,1989,2079,2.15,345,349
"Oilseed, Soybean",173,1989,NULL,NULL,NULL,NULL
"Oilseed, Soybean",178,1989,1062,1.81,54,135
"Oilseed, Soybean",183,1989,3182,2.11,218,295
"Oilseed, Soybean",219,1989,511,1.41,41,58
"Oilseed, Soybean",220,1989,1240,1.74,116,123
"Oilseed, Soybean",234,1989,755,1.61,19,29
"Oilseed, Soybean",261,1989,385,2.48,38,54
"Oilseed, Soybean",1,1988,361,1.68,109,NULL
"Oilseed, Soybean",10,1988,2112,1.74,56,57
"Oilseed, Soybean",109,1988,5963,1.81,1738,869
"Oilseed, Soybean",111,1988,2932,1.84,285,148
"Oilseed, Soybean",113,1988,6374,2.08,1879,1229
"Oilseed, Soybean",122,1988,1167,1.54,179,149
"Oilseed, Soybean",137,1988,1435,1.94,154,28
"Oilseed, Soybean",153,1988,890,1.94,75,42
"Oilseed, Soybean",154,1988,3168,1.74,1180,552
"Oilseed, Soybean",156,1988,2845,1.78,419,393
"Oilseed, Soybean",164,1988,1797,2.01,394,345
"Oilseed, Soybean",178,1988,897,1.81,121,54
"Oilseed, Soybean",183,1988,2536,1.81,473,218
"Oilseed, Soybean",219,1988,471,1.57,29,41
"Oilseed, Soybean",220,1988,1054,1.61,103,116
"Oilseed, Soybean",234,1988,811,1.74,62,19
"Oilseed, Soybean",261,1988,227,1.54,64,38
"Oilseed, Soybean",1,1987,265,1.21,62,109
"Oilseed, Soybean",10,1987,1897,1.54,177,56
"Oilseed, Soybean",109,1987,8392,2.55,1899,1738
"Oilseed, Soybean",111,1987,4417,2.68,290,285
"Oilseed, Soybean",113,1987,8724,2.92,3353,1879
"Oilseed, Soybean",122,1987,1714,2.15,176,179
"Oilseed, Soybean",124,1987,692,1.78,41,NULL
"Oilseed, Soybean",137,1987,1047,1.68,121,154
"Oilseed, Soybean",153,1987,996,2.42,128,75
"Oilseed, Soybean",154,1987,4603,2.62,2187,1180
"Oilseed, Soybean",155,1987,1212,1.31,83,NULL
"Oilseed, Soybean",156,1987,4005,2.15,500,419
"Oilseed, Soybean",164,1987,2117,2.38,760,394
"Oilseed, Soybean",178,1987,833,1.64,91,121
"Oilseed, Soybean",183,1987,3663,2.48,296,473
"Oilseed, Soybean",219,1987,407,1.47,29,29
"Oilseed, Soybean",220,1987,1146,2.18,270,103
"Oilseed, Soybean",234,1987,729,1.54,86,62
"Oilseed, Soybean",261,1987,308,2.55,116,64
"Oilseed, Soybean",1,1986,356,1.54,75,62
"Oilseed, Soybean",10,1986,1675,1.34,197,177
"Oilseed, Soybean",86,1986,395,1.27,98,NULL
"Oilseed, Soybean",109,1986,9139,2.68,2525,1899
"Oilseed, Soybean",111,1986,3992,2.48,732,290
"Oilseed, Soybean",113,1986,8902,2.79,4020,3353
"Oilseed, Soybean",122,1986,1479,2.25,230,176
"Oilseed, Soybean",124,1986,909,2.15,70,41
"Oilseed, Soybean",137,1986,888,1.34,104,121
"Oilseed, Soybean",153,1986,731,2.08,155,128
"Oilseed, Soybean",154,1986,4131,2.35,2284,2187
"Oilseed, Soybean",155,1986,1057,1.14,143,83
"Oilseed, Soybean",156,1986,4331,2.18,834,500
"Oilseed, Soybean",164,1986,2363,2.55,724,760
"Oilseed, Soybean",178,1986,932,1.61,64,91
"Oilseed, Soybean",183,1986,3722,2.72,574,296
"Oilseed, Soybean",219,1986,347,1.10,39,29
"Oilseed, Soybean",220,1986,1029,2.05,317,270
"Oilseed, Soybean",234,1986,901,1.68,101,86
"Oilseed, Soybean",261,1986,292,2.42,70,116
"Oilseed, Soybean",10,1985,2489,1.78,151,197
"Oilseed, Soybean",86,1985,944,1.61,84,98
"Oilseed, Soybean",109,1985,9710,2.85,1369,2525
"Oilseed, Soybean",111,1985,4698,2.79,294,732
"Oilseed, Soybean",113,1985,7862,2.55,2089,4020
"Oilseed, Soybean",122,1985,1109,2.08,140,230
"Oilseed, Soybean",124,1985,1061,2.28,73,70
"Oilseed, Soybean",137,1985,1119,1.41,101,104
"Oilseed, Soybean",153,1985,877,2.15,107,155
"Oilseed, Soybean",154,1985,4061,2.15,1445,2284
"Oilseed, Soybean",155,1985,1795,1.81,114,143
"Oilseed, Soybean",156,1985,4580,2.31,400,834
"Oilseed, Soybean",164,1985,2156,2.42,431,724
"Oilseed, Soybean",173,1985,NULL,NULL,NULL,NULL
"Oilseed, Soybean",178,1985,992,1.54,73,64
"Oilseed, Soybean",179,1985,323,1.74,72,NULL
"Oilseed, Soybean",183,1985,4077,2.79,456,574
"Oilseed, Soybean",184,1985,110,1.54,7,NULL
"Oilseed, Soybean",192,1985,164,2.35,15,NULL
"Oilseed, Soybean",219,1985,624,1.34,69,39
"Oilseed, Soybean",220,1985,1031,2.15,185,317
"Oilseed, Soybean",234,1985,1149,2.08,115,101
"Oilseed, Soybean",235,1985,184,1.68,23,NULL
"Oilseed, Soybean",258,1985,441,1.68,19,NULL
"Oilseed, Soybean",261,1985,243,2.15,62,70
"Oilseed, Soybean",10,1984,2574,1.74,47,151
"Oilseed, Soybean",75,1984,198,1.61,1,NULL
"Oilseed, Soybean",109,1984,7213,2.11,909,1369
"Oilseed, Soybean",111,1984,3809,2.31,194,294
"Oilseed, Soybean",113,1984,6717,2.11,1168,2089
"Oilseed, Soybean",122,1984,706,1.17,84,140
"Oilseed, Soybean",124,1984,1074,1.94,26,73
"Oilseed, Soybean",137,1984,1696,1.84,95,101
"Oilseed, Soybean",153,1984,815,1.81,45,107
"Oilseed, Soybean",154,1984,4389,2.21,578,1445
"Oilseed, Soybean",155,1984,1949,1.61,50,114
"Oilseed, Soybean",156,1984,2758,1.37,275,400
"Oilseed, Soybean",164,1984,1683,1.74,216,431
"Oilseed, Soybean",178,1984,1181,1.74,77,73
"Oilseed, Soybean",179,1984,432,1.54,23,72
"Oilseed, Soybean",183,1984,3493,2.45,214,456
"Oilseed, Soybean",184,1984,106,1.27,9,7
"Oilseed, Soybean",219,1984,756,1.34,50,69
"Oilseed, Soybean",220,1984,794,1.54,83,185
"Oilseed, Soybean",234,1984,1221,1.74,53,115
"Oilseed, Soybean",235,1984,301,1.94,14,23
"Oilseed, Soybean",258,1984,546,1.98,23,19
"Oilseed, Soybean",261,1984,354,2.08,38,62
"Oilseed, Soybean",1,1983,761,1.34,94,NULL
"Oilseed, Soybean",10,1983,1784,1.24,138,47
"Oilseed, Soybean",36,1983,NULL,NULL,5,NULL
"Oilseed, Soybean",56,1983,184,1.94,42,NULL
"Oilseed, Soybean",75,1983,198,1.68,7,1
"Oilseed, Soybean",86,1983,1066,1.41,147,NULL
"Oilseed, Soybean",109,1983,6777,1.98,1901,909
"Oilseed, Soybean",111,1983,3108,2.08,358,194
"Oilseed, Soybean",113,1983,7072,2.35,2275,1168
"Oilseed, Soybean",122,1983,617,1.07,168,84
"Oilseed, Soybean",124,1983,621,1.14,97,26
"Oilseed, Soybean",137,1983,1729,1.74,136,95
"Oilseed, Soybean",148,1983,254,1.74,27,NULL
"Oilseed, Soybean",153,1983,858,2.18,82,45
"Oilseed, Soybean",154,1983,3853,2.21,1125,578
"Oilseed, Soybean",155,1983,1495,1.27,118,50
"Oilseed, Soybean",156,1983,2614,1.34,446,275
"Oilseed, Soybean",164,1983,1497,1.91,405,216
"Oilseed, Soybean",171,1983,77,1.54,4,NULL
"Oilseed, Soybean",178,1983,837,1.34,94,77
"Oilseed, Soybean",179,1983,363,1.81,22,23
"Oilseed, Soybean",183,1983,2664,2.15,494,214
"Oilseed, Soybean",184,1983,99,1.14,10,9
"Oilseed, Soybean",192,1983,88,1.61,12,NULL
"Oilseed, Soybean",219,1983,599,1.10,97,50
"Oilseed, Soybean",220,1983,662,1.78,145,83
"Oilseed, Soybean",234,1983,800,1.07,102,53
"Oilseed, Soybean",235,1983,239,1.51,57,14
"Oilseed, Soybean",250,1983,NULL,NULL,NULL,NULL
"Oilseed, Soybean",258,1983,247,1.07,37,23
"Oilseed, Soybean",259,1983,NULL,NULL,5,NULL
"Oilseed, Soybean",261,1983,350,2.35,83,38
"Oilseed, Soybean",1,1982,1269,1.68,55,94
"Oilseed, Soybean",10,1982,2680,1.61,112,138
"Oilseed, Soybean",36,1982,NULL,NULL,5,5
"Oilseed, Soybean",56,1982,164,1.61,29,42
"Oilseed, Soybean",75,1982,265,1.74,14,7
"Oilseed, Soybean",86,1982,1610,1.81,48,147
"Oilseed, Soybean",109,1982,8992,2.58,1186,1901
"Oilseed, Soybean",111,1982,4398,2.58,285,358
"Oilseed, Soybean",113,1982,7783,2.45,1888,2275
"Oilseed, Soybean",122,1982,1174,1.74,130,168
"Oilseed, Soybean",124,1982,1303,2.11,93,97
"Oilseed, Soybean",137,1982,1914,1.74,77,136
"Oilseed, Soybean",148,1982,305,1.94,19,27
"Oilseed, Soybean",153,1982,897,2.08,54,82
"Oilseed, Soybean",154,1982,4291,2.35,827,1125
"Oilseed, Soybean",155,1982,2343,1.74,104,118
"Oilseed, Soybean",156,1982,4341,2.01,401,446
"Oilseed, Soybean",164,1982,1999,2.35,305,405
"Oilseed, Soybean",171,1982,107,1.68,1,4
"Oilseed, Soybean",178,1982,1332,1.68,72,94
"Oilseed, Soybean",179,1982,221,1.41,27,22
"Oilseed, Soybean",183,1982,3381,2.42,359,494
"Oilseed, Soybean",184,1982,127,1.21,8,10
"Oilseed, Soybean",192,1982,106,2.08,4,12
"Oilseed, Soybean",219,1982,1005,1.47,55,97
"Oilseed, Soybean",220,1982,619,2.05,148,145
"Oilseed, Soybean",234,1982,1547,1.78,62,102
"Oilseed, Soybean",235,1982,583,1.68,21,57
"Oilseed, Soybean",258,1982,489,1.94,15,37
"Oilseed, Soybean",259,1982,NULL,NULL,1,5
"Oilseed, Soybean",261,1982,346,2.08,42,83
"Oilseed, Soybean",1,1981,1179,1.54,86,55
"Oilseed, Soybean",10,1981,2513,1.47,222,112
"Oilseed, Soybean",56,1981,174,1.81,28,29
"Oilseed, Soybean",75,1981,249,1.61,9,14
"Oilseed, Soybean",86,1981,1061,1.27,121,48
"Oilseed, Soybean",109,1981,8827,2.55,1536,1186
"Oilseed, Soybean",111,1981,3853,2.21,330,285
"Oilseed, Soybean",113,1981,8174,2.68,1850,1888
"Oilseed, Soybean",122,1981,1150,2.01,188,130
"Oilseed, Soybean",124,1981,1214,1.94,107,93
"Oilseed, Soybean",137,1981,1615,1.41,152,77
"Oilseed, Soybean",148,1981,265,1.98,22,19
"Oilseed, Soybean",153,1981,792,2.01,69,54
"Oilseed, Soybean",154,1981,3533,2.15,945,827
"Oilseed, Soybean",155,1981,1972,1.41,129,104
"Oilseed, Soybean",156,1981,3808,2.01,534,401
"Oilseed, Soybean",164,1981,1996,2.55,421,305
"Oilseed, Soybean",171,1981,123,1.94,7,1
"Oilseed, Soybean",172,1981,NULL,NULL,NULL,NULL
"Oilseed, Soybean",173,1981,NULL,NULL,1,NULL
"Oilseed, Soybean",178,1981,1174,1.68,47,72
"Oilseed, Soybean",179,1981,174,1.88,14,27
"Oilseed, Soybean",183,1981,2496,1.91,642,359
"Oilseed, Soybean",184,1981,164,1.61,10,8
"Oilseed, Soybean",192,1981,102,2.08,5,4
"Oilseed, Soybean",219,1981,787,1.34,88,55
"Oilseed, Soybean",220,1981,566,1.94,156,148
"Oilseed, Soybean",234,1981,1491,1.68,93,62
"Oilseed, Soybean",235,1981,268,1.47,27,21
"Oilseed, Soybean",258,1981,451,1.88,21,15
"Oilseed, Soybean",261,1981,314,2.21,74,42
"Oilseed, Soybean",1,1980,799,1.00,122,86
"Oilseed, Soybean",9,1980,NULL,NULL,NULL,NULL
"Oilseed, Soybean",10,1980,1656,1.00,435,222
"Oilseed, Soybean",36,1980,NULL,NULL,NULL,NULL
"Oilseed, Soybean",56,1980,132,1.34,62,28
"Oilseed, Soybean",75,1980,256,1.47,3,9
"Oilseed, Soybean",86,1980,594,0.80,107,121
"Oilseed, Soybean",109,1980,7951,2.25,2142,1536
"Oilseed, Soybean",111,1980,4003,2.42,485,330
"Oilseed, Soybean",113,1980,8083,2.58,1688,1850
"Oilseed, Soybean",122,1980,607,1.10,190,188
"Oilseed, Soybean",124,1980,913,1.51,153,107
"Oilseed, Soybean",137,1980,1700,1.34,212,152
"Oilseed, Soybean",148,1980,237,1.61,28,22
"Oilseed, Soybean",153,1980,812,2.21,94,69
"Oilseed, Soybean",154,1980,3806,2.11,956,945
"Oilseed, Soybean",155,1980,1563,1.07,251,129
"Oilseed, Soybean",156,1980,3439,1.64,548,534
"Oilseed, Soybean",164,1980,1348,2.01,280,421
"Oilseed, Soybean",171,1980,88,1.21,17,7
"Oilseed, Soybean",172,1980,NULL,NULL,NULL,NULL
"Oilseed, Soybean",173,1980,11,1.61,NULL,1
"Oilseed, Soybean",178,1980,881,1.21,97,47
"Oilseed, Soybean",179,1980,88,1.17,17,14
"Oilseed, Soybean",183,1980,3436,2.42,718,642
"Oilseed, Soybean",184,1980,76,0.67,16,10
"Oilseed, Soybean",192,1980,80,1.64,17,5
"Oilseed, Soybean",219,1980,528,0.87,98,88
"Oilseed, Soybean",220,1980,508,1.74,100,156
"Oilseed, Soybean",234,1980,1165,1.21,142,93
"Oilseed, Soybean",235,1980,351,1.47,54,27
"Oilseed, Soybean",250,1980,NULL,NULL,NULL,NULL
"Oilseed, Soybean",258,1980,232,1.00,19,21
"Oilseed, Soybean",261,1980,276,2.21,33,74
"Oilseed, Soybean",1,1979,1364,1.68,37,122
"Oilseed, Soybean",9,1979,NULL,NULL,NULL,NULL
"Oilseed, Soybean",10,1979,3660,1.88,161,435
"Oilseed, Soybean",36,1979,NULL,NULL,NULL,NULL
"Oilseed, Soybean",56,1979,209,2.01,17,62
"Oilseed, Soybean",75,1979,333,1.94,6,3
"Oilseed, Soybean",86,1979,1386,1.88,67,107
"Oilseed, Soybean",109,1979,9524,2.62,1013,2142
"Oilseed, Soybean",111,1979,4039,2.42,222,485
"Oilseed, Soybean",113,1979,7777,2.52,1121,1688
"Oilseed, Soybean",122,1979,1049,1.78,84,190
"Oilseed, Soybean",124,1979,1369,2.18,49,153
"Oilseed, Soybean",137,1979,2381,1.88,140,212
"Oilseed, Soybean",148,1979,308,2.01,44,28
"Oilseed, Soybean",153,1979,769,2.01,22,94
"Oilseed, Soybean",154,1979,4126,2.15,562,956
"Oilseed, Soybean",155,1979,3018,1.94,71,251
"Oilseed, Soybean",156,1979,4662,2.11,226,548
"Oilseed, Soybean",164,1979,1389,2.28,168,280
"Oilseed, Soybean",171,1979,154,2.01,3,17
"Oilseed, Soybean",172,1979,NULL,NULL,NULL,NULL
"Oilseed, Soybean",173,1979,16,1.74,NULL,NULL
"Oilseed, Soybean",178,1979,1163,1.57,43,97
"Oilseed, Soybean",179,1979,141,1.81,20,17
"Oilseed, Soybean",183,1979,3677,2.38,171,718
"Oilseed, Soybean",184,1979,210,1.54,4,16
"Oilseed, Soybean",192,1979,101,2.15,2,17
"Oilseed, Soybean",219,1979,1011,1.61,33,98
"Oilseed, Soybean",220,1979,573,2.21,24,100
"Oilseed, Soybean",234,1979,1795,1.81,63,142
"Oilseed, Soybean",235,1979,531,1.74,29,54
"Oilseed, Soybean",250,1979,NULL,NULL,NULL,NULL
"Oilseed, Soybean",258,1979,387,1.91,4,19
"Oilseed, Soybean",261,1979,254,2.28,38,33
"Oilseed, Soybean",1,1978,986,1.41,26,37
"Oilseed, Soybean",9,1978,NULL,NULL,NULL,NULL
"Oilseed, Soybean",10,1978,2923,1.64,98,161
"Oilseed, Soybean",36,1978,NULL,NULL,NULL,NULL
"Oilseed, Soybean",56,1978,191,1.94,13,17
"Oilseed, Soybean",75,1978,260,1.68,1,6
"Oilseed, Soybean",86,1978,746,1.17,49,67
"Oilseed, Soybean",109,1978,7858,2.25,727,1013
"Oilseed, Soybean",111,1978,3661,2.31,163,222
"Oilseed, Soybean",113,1978,7187,2.52,1224,1121
"Oilseed, Soybean",122,1978,680,1.21,79,84
"Oilseed, Soybean",124,1978,1035,2.01,54,49
"Oilseed, Soybean",137,1978,1929,1.68,91,140
"Oilseed, Soybean",148,1978,308,2.15,6,44
"Oilseed, Soybean",153,1978,548,1.61,26,22
"Oilseed, Soybean",154,1978,3710,2.42,487,562
"Oilseed, Soybean",155,1978,2074,1.44,73,71
"Oilseed, Soybean",156,1978,3936,1.91,286,226
"Oilseed, Soybean",164,1978,1078,2.28,165,168
"Oilseed, Soybean",171,1978,150,2.08,2,3
"Oilseed, Soybean",172,1978,NULL,NULL,NULL,NULL
"Oilseed, Soybean",173,1978,14,1.54,NULL,NULL
"Oilseed, Soybean",178,1978,1023,1.61,37,43
"Oilseed, Soybean",179,1978,120,1.84,13,20
"Oilseed, Soybean",183,1978,3242,2.21,255,171
"Oilseed, Soybean",184,1978,129,1.00,10,4
"Oilseed, Soybean",192,1978,63,2.11,3,2
"Oilseed, Soybean",219,1978,821,1.47,49,33
"Oilseed, Soybean",220,1978,301,2.05,30,24
"Oilseed, Soybean",234,1978,1443,1.57,110,63
"Oilseed, Soybean",235,1978,501,1.78,21,29
"Oilseed, Soybean",250,1978,NULL,NULL,NULL,NULL
"Oilseed, Soybean",258,1978,337,1.88,10,4
"Oilseed, Soybean",261,1978,174,2.15,18,38
"Oilseed, Soybean",1,1977,799,1.41,27,26
"Oilseed, Soybean",10,1977,2685,1.54,48,98
"Oilseed, Soybean",56,1977,143,1.61,NULL,13
"Oilseed, Soybean",75,1977,207,1.68,NULL,1
"Oilseed, Soybean",86,1977,553,1.34,5,49
"Oilseed, Soybean",109,1977,8537,2.55,607,727
"Oilseed, Soybean",111,1977,3663,2.48,133,163
"Oilseed, Soybean",113,1977,6380,2.38,760,1224
"Oilseed, Soybean",122,1977,716,1.91,52,79
"Oilseed, Soybean",124,1977,1038,2.08,39,54
"Oilseed, Soybean",137,1977,1658,1.57,52,91
"Oilseed, Soybean",148,1977,239,1.81,NULL,6
"Oilseed, Soybean",153,1977,605,2.08,11,26
"Oilseed, Soybean",154,1977,3397,2.38,234,487
"Oilseed, Soybean",155,1977,1992,1.44,21,73
"Oilseed, Soybean",156,1977,3777,2.15,129,286
"Oilseed, Soybean",164,1977,1032,2.42,68,165
"Oilseed, Soybean",171,1977,107,1.61,NULL,2
"Oilseed, Soybean",173,1977,12,1.54,NULL,NULL
"Oilseed, Soybean",178,1977,720,1.44,57,37
"Oilseed, Soybean",179,1977,88,1.34,4,13
"Oilseed, Soybean",183,1977,3092,2.35,140,255
"Oilseed, Soybean",184,1977,204,1.54,1,10
"Oilseed, Soybean",192,1977,69,2.08,NULL,3
"Oilseed, Soybean",219,1977,676,1.37,17,49
"Oilseed, Soybean",220,1977,243,2.05,18,30
"Oilseed, Soybean",234,1977,1324,1.57,58,110
"Oilseed, Soybean",235,1977,511,1.78,12,21
"Oilseed, Soybean",258,1977,212,1.27,1,10
"Oilseed, Soybean",261,1977,170,2.35,15,18
"Oilseed, Soybean",1,1976,712,1.61,58,27
"Oilseed, Soybean",10,1976,2083,1.27,153,48
"Oilseed, Soybean",56,1976,124,1.61,NULL,NULL
"Oilseed, Soybean",75,1976,166,1.74,5,NULL
"Oilseed, Soybean",86,1976,519,1.57,15,5
"Oilseed, Soybean",109,1976,6333,2.21,1352,607
"Oilseed, Soybean",111,1976,2831,2.28,271,133
"Oilseed, Soybean",113,1976,5076,2.08,1863,760
"Oilseed, Soybean",122,1976,329,1.00,160,52
"Oilseed, Soybean",124,1976,733,1.81,22,39
"Oilseed, Soybean",137,1976,1599,1.88,181,52
"Oilseed, Soybean",148,1976,187,1.68,NULL,NULL
"Oilseed, Soybean",153,1976,294,1.37,40,11
"Oilseed, Soybean",154,1976,1686,1.47,685,234
"Oilseed, Soybean",155,1976,1815,1.47,105,21
"Oilseed, Soybean",156,1976,2132,1.34,296,129
"Oilseed, Soybean",164,1976,497,1.34,184,68
"Oilseed, Soybean",171,1976,90,1.61,NULL,NULL
"Oilseed, Soybean",173,1976,9,1.74,NULL,NULL
"Oilseed, Soybean",178,1976,625,1.47,16,57
"Oilseed, Soybean",179,1976,46,0.84,17,4
"Oilseed, Soybean",183,1976,2412,2.21,271,140
"Oilseed, Soybean",184,1976,150,1.47,5,1
"Oilseed, Soybean",192,1976,44,1.94,NULL,NULL
"Oilseed, Soybean",219,1976,543,1.21,84,17
"Oilseed, Soybean",220,1976,116,1.14,49,18
"Oilseed, Soybean",234,1976,1028,1.51,93,58
"Oilseed, Soybean",235,1976,229,1.74,37,12
"Oilseed, Soybean",258,1976,207,1.37,2,1
"Oilseed, Soybean",261,1976,84,1.47,18,15
"Oilseed, Soybean",1,1975,783,1.64,31,58
"Oilseed, Soybean",10,1975,2982,1.68,190,153
"Oilseed, Soybean",56,1975,142,1.68,1,NULL
"Oilseed, Soybean",75,1975,171,1.61,3,5
"Oilseed, Soybean",86,1975,750,1.71,49,15
"Oilseed, Soybean",109,1975,7603,2.42,716,1352
"Oilseed, Soybean",111,1975,3087,2.25,189,271
"Oilseed, Soybean",113,1975,6016,2.28,1390,1863
"Oilseed, Soybean",122,1975,575,1.41,158,160
"Oilseed, Soybean",124,1975,753,1.81,68,22
"Oilseed, Soybean",137,1975,1218,1.68,139,181
"Oilseed, Soybean",148,1975,234,1.88,1,NULL
"Oilseed, Soybean",153,1975,402,1.74,35,40
"Oilseed, Soybean",154,1975,2501,1.81,553,685
"Oilseed, Soybean",155,1975,1782,1.51,73,105
"Oilseed, Soybean",156,1975,2884,1.74,319,296
"Oilseed, Soybean",164,1975,822,1.81,203,184
"Oilseed, Soybean",171,1975,74,1.74,1,NULL
"Oilseed, Soybean",173,1975,7,1.81,NULL,NULL
"Oilseed, Soybean",178,1975,847,1.57,40,16
"Oilseed, Soybean",179,1975,73,1.31,17,17
"Oilseed, Soybean",183,1975,2597,2.21,302,271
"Oilseed, Soybean",184,1975,132,1.47,8,5
"Oilseed, Soybean",192,1975,36,1.88,1,NULL
"Oilseed, Soybean",219,1975,770,1.47,48,84
"Oilseed, Soybean",220,1975,217,1.68,46,49
"Oilseed, Soybean",234,1975,1174,1.68,56,93
"Oilseed, Soybean",235,1975,234,1.68,41,37
"Oilseed, Soybean",258,1975,291,1.68,1,2
"Oilseed, Soybean",261,1975,134,1.71,12,18
"Oilseed, Soybean",1,1974,537,1.54,2,31
"Oilseed, Soybean",10,1974,2081,1.34,253,190
"Oilseed, Soybean",56,1974,145,1.74,2,1
"Oilseed, Soybean",75,1974,175,1.74,2,3
"Oilseed, Soybean",86,1974,578,1.64,59,49
"Oilseed, Soybean",109,1974,5249,1.64,976,716
"Oilseed, Soybean",111,1974,2468,1.68,249,189
"Oilseed, Soybean",113,1974,5054,1.88,938,1390
"Oilseed, Soybean",122,1974,502,1.34,137,158
"Oilseed, Soybean",124,1974,634,1.64,13,68
"Oilseed, Soybean",137,1974,1184,1.78,165,139
"Oilseed, Soybean",148,1974,241,1.88,37,1
"Oilseed, Soybean",153,1974,319,1.41,38,35
"Oilseed, Soybean",154,1974,2155,1.47,366,553
"Oilseed, Soybean",155,1974,1188,1.31,89,73
"Oilseed, Soybean",156,1974,2319,1.44,286,319
"Oilseed, Soybean",164,1974,715,1.64,143,203
"Oilseed, Soybean",171,1974,72,1.94,NULL,1
"Oilseed, Soybean",173,1974,8,1.74,NULL,NULL
"Oilseed, Soybean",178,1974,793,1.47,8,40
"Oilseed, Soybean",179,1974,69,1.10,10,17
"Oilseed, Soybean",183,1974,2072,1.74,187,302
"Oilseed, Soybean",184,1974,122,1.47,NULL,8
"Oilseed, Soybean",192,1974,37,1.81,NULL,1
"Oilseed, Soybean",219,1974,609,1.34,30,48
"Oilseed, Soybean",220,1974,186,1.34,35,46
"Oilseed, Soybean",234,1974,810,1.41,87,56
"Oilseed, Soybean",235,1974,171,1.81,32,41
"Oilseed, Soybean",258,1974,261,1.61,1,1
"Oilseed, Soybean",261,1974,110,1.34,7,12
"Oilseed, Soybean",109,1973,7301,2.11,319,976
"Oilseed, Soybean",111,1973,3430,2.11,54,249
"Oilseed, Soybean",113,1973,6603,2.28,280,938
"Oilseed, Soybean",122,1973,670,1.47,36,137
"Oilseed, Soybean",137,1973,902,1.51,112,165
"Oilseed, Soybean",153,1973,422,1.61,5,38
"Oilseed, Soybean",154,1973,3158,1.94,84,366
"Oilseed, Soybean",156,1973,3221,1.81,106,286
"Oilseed, Soybean",164,1973,921,2.01,24,143
"Oilseed, Soybean",179,1973,130,1.57,NULL,10
"Oilseed, Soybean",183,1973,2324,1.71,82,187
"Oilseed, Soybean",219,1973,583,1.27,10,30
"Oilseed, Soybean",220,1973,241,1.61,4,35
"Oilseed, Soybean",234,1973,936,1.57,57,87
"Oilseed, Soybean",235,1973,215,1.34,30,32
"Oilseed, Soybean",261,1973,152,1.68,2,7
"Oilseed, Soybean",86,1972,255,1.00,44,NULL
"Oilseed, Soybean",109,1972,6586,2.31,486,319
"Oilseed, Soybean",111,1972,2762,1.98,97,54
"Oilseed, Soybean",113,1972,5483,2.42,327,280
"Oilseed, Soybean",122,1972,621,1.88,65,36
"Oilseed, Soybean",137,1972,994,1.57,57,112
"Oilseed, Soybean",153,1972,345,1.74,3,5
"Oilseed, Soybean",154,1972,2292,1.88,94,84
"Oilseed, Soybean",155,1972,1219,1.31,20,NULL
"Oilseed, Soybean",156,1972,2764,1.84,70,106
"Oilseed, Soybean",164,1972,583,2.18,49,24
"Oilseed, Soybean",179,1972,98,1.37,2,NULL
"Oilseed, Soybean",183,1972,2025,1.78,99,82
"Oilseed, Soybean",219,1972,507,1.24,40,10
"Oilseed, Soybean",220,1972,179,1.88,3,4
"Oilseed, Soybean",234,1972,724,1.47,59,57
"Oilseed, Soybean",235,1972,138,1.74,21,30
"Oilseed, Soybean",75,1971,147,1.88,NULL,NULL
"Oilseed, Soybean",86,1971,388,1.71,47,44
"Oilseed, Soybean",109,1971,5990,2.21,469,486
"Oilseed, Soybean",111,1971,2829,2.21,114,97
"Oilseed, Soybean",113,1971,4537,2.18,481,327
"Oilseed, Soybean",122,1971,453,1.37,69,65
"Oilseed, Soybean",137,1971,1001,1.61,132,57
"Oilseed, Soybean",153,1971,260,1.37,4,3
"Oilseed, Soybean",154,1971,1623,1.54,257,94
"Oilseed, Soybean",155,1971,1436,1.44,27,20
"Oilseed, Soybean",156,1971,2471,1.81,118,70
"Oilseed, Soybean",164,1971,386,1.68,101,49
"Oilseed, Soybean",171,1971,41,1.88,NULL,NULL
"Oilseed, Soybean",178,1971,603,1.61,36,NULL
"Oilseed, Soybean",179,1971,73,0.94,2,2
"Oilseed, Soybean",183,1971,2039,2.05,133,99
"Oilseed, Soybean",219,1971,584,1.44,39,40
"Oilseed, Soybean",220,1971,123,1.41,6,3
"Oilseed, Soybean",234,1971,804,1.74,93,59
"Oilseed, Soybean",235,1971,70,1.81,71,21
"Oilseed, Soybean",261,1971,76,1.57,27,NULL
"Oilseed, Soybean",10,1970,2513,1.51,93,NULL
"Oilseed, Soybean",109,1970,5351,2.08,1000,469
"Oilseed, Soybean",111,1970,2579,2.08,172,114
"Oilseed, Soybean",113,1970,4686,2.18,2189,481
"Oilseed, Soybean",122,1970,354,1.00,85,69
"Oilseed, Soybean",137,1970,1028,1.61,237,132
"Oilseed, Soybean",148,1970,129,1.61,19,NULL
"Oilseed, Soybean",153,1970,336,1.78,4,4
"Oilseed, Soybean",154,1970,2000,1.74,973,257
"Oilseed, Soybean",155,1970,1473,1.51,14,27
"Oilseed, Soybean",156,1970,2243,1.71,212,118
"Oilseed, Soybean",164,1970,453,1.47,226,101
"Oilseed, Soybean",171,1970,34,1.68,NULL,NULL
"Oilseed, Soybean",179,1970,68,1.00,9,2
"Oilseed, Soybean",183,1970,1845,1.91,102,133
"Oilseed, Soybean",184,1970,84,1.21,1,NULL
"Oilseed, Soybean",219,1970,512,1.34,21,39
"Oilseed, Soybean",220,1970,109,1.17,12,6
"Oilseed, Soybean",234,1970,671,1.54,41,93
"Oilseed, Soybean",235,1970,112,1.88,186,71
"Oilseed, Soybean",261,1970,93,1.61,29,27
"Oilseed, Soybean",10,1969,2345,1.41,299,93
"Oilseed, Soybean",109,1969,5809,2.28,1440,1000
"Oilseed, Soybean",111,1969,2689,2.15,293,172
"Oilseed, Soybean",113,1969,4496,2.18,2883,2189
"Oilseed, Soybean",122,1969,497,1.54,109,85
"Oilseed, Soybean",137,1969,836,1.37,123,237
"Oilseed, Soybean",153,1969,295,1.57,21,4
"Oilseed, Soybean",154,1969,1904,1.68,1496,973
"Oilseed, Soybean",155,1969,1287,1.34,70,14
"Oilseed, Soybean",156,1969,2039,1.71,497,212
"Oilseed, Soybean",164,1969,632,2.18,243,226
"Oilseed, Soybean",171,1969,36,1.91,NULL,NULL
"Oilseed, Soybean",179,1969,86,1.14,24,9
"Oilseed, Soybean",183,1969,1853,1.98,278,102
"Oilseed, Soybean",184,1969,100,1.21,3,1
"Oilseed, Soybean",219,1969,571,1.51,21,21
"Oilseed, Soybean",220,1969,148,1.61,26,12
"Oilseed, Soybean",235,1969,186,1.88,231,186
"Oilseed, Soybean",261,1969,94,1.44,13,29
"Oilseed, Soybean",1,1968,307,1.47,4,NULL
"Oilseed, Soybean",109,1968,5328,2.11,580,1440
"Oilseed, Soybean",111,1968,2637,2.15,196,293
"Oilseed, Soybean",113,1968,4517,2.15,1489,2883
"Oilseed, Soybean",122,1968,607,1.68,24,109
"Oilseed, Soybean",137,1968,984,1.81,26,123
"Oilseed, Soybean",153,1968,305,1.74,9,21
"Oilseed, Soybean",154,1968,1805,1.47,913,1496
"Oilseed, Soybean",155,1968,1428,1.68,59,70
"Oilseed, Soybean",156,1968,2603,1.88,205,497
"Oilseed, Soybean",164,1968,466,1.57,109,243
"Oilseed, Soybean",171,1968,27,1.61,NULL,NULL
"Oilseed, Soybean",178,1968,431,1.17,24,NULL
"Oilseed, Soybean",179,1968,84,1.04,17,24
"Oilseed, Soybean",183,1968,1800,2.05,162,278
"Oilseed, Soybean",184,1968,103,1.41,2,3
"Oilseed, Soybean",219,1968,330,0.87,49,21
"Oilseed, Soybean",220,1968,133,1.17,24,26
"Oilseed, Soybean",235,1968,213,1.81,61,231
"Oilseed, Soybean",261,1968,98,1.61,7,13
"Oilseed, Soybean",75,1967,71,1.88,NULL,NULL
"Oilseed, Soybean",86,1967,317,1.68,3,NULL
"Oilseed, Soybean",109,1967,4729,2.08,261,580
"Oilseed, Soybean",111,1967,1802,1.64,85,196
"Oilseed, Soybean",113,1967,3662,1.84,800,1489
"Oilseed, Soybean",122,1967,471,1.51,54,24
"Oilseed, Soybean",137,1967,762,1.54,42,26
"Oilseed, Soybean",153,1967,258,1.34,4,9
"Oilseed, Soybean",154,1967,1777,1.31,456,913
"Oilseed, Soybean",155,1967,1284,1.54,29,59
"Oilseed, Soybean",156,1967,1911,1.47,96,205
"Oilseed, Soybean",164,1967,446,1.51,93,109
"Oilseed, Soybean",171,1967,24,1.74,NULL,NULL
"Oilseed, Soybean",178,1967,694,1.64,17,24
"Oilseed, Soybean",179,1967,95,0.87,17,17
"Oilseed, Soybean",183,1967,1274,1.51,72,162
"Oilseed, Soybean",219,1967,597,1.51,30,49
"Oilseed, Soybean",220,1967,154,1.10,22,24
"Oilseed, Soybean",234,1967,707,1.68,37,NULL
"Oilseed, Soybean",261,1967,89,1.27,6,7
"Oilseed, Soybean",109,1966,4072,1.81,219,261
"Oilseed, Soybean",111,1966,1857,1.74,48,85
"Oilseed, Soybean",113,1966,3741,1.98,151,800
"Oilseed, Soybean",122,1966,523,1.51,30,54
"Oilseed, Soybean",124,1966,196,1.68,16,NULL
"Oilseed, Soybean",137,1966,552,1.68,29,42
"Oilseed, Soybean",153,1966,274,1.51,NULL,4
"Oilseed, Soybean",154,1966,2044,1.61,46,456
"Oilseed, Soybean",156,1966,2129,1.68,44,96
"Oilseed, Soybean",164,1966,557,1.98,10,93
"Oilseed, Soybean",171,1966,17,1.17,NULL,NULL
"Oilseed, Soybean",179,1966,134,1.51,1,17
"Oilseed, Soybean",183,1966,1523,1.91,50,72
"Oilseed, Soybean",219,1966,490,1.47,25,30
"Oilseed, Soybean",220,1966,175,1.34,2,22
"Oilseed, Soybean",234,1966,541,1.64,65,37
"Oilseed, Soybean",109,1965,4509,1.98,152,219
"Oilseed, Soybean",111,1965,2040,1.88,46,48
"Oilseed, Soybean",113,1965,3201,1.74,236,151
"Oilseed, Soybean",122,1965,465,1.41,12,30
"Oilseed, Soybean",137,1965,339,1.44,29,29
"Oilseed, Soybean",153,1965,245,1.47,2,NULL
"Oilseed, Soybean",154,1965,1486,1.24,66,46
"Oilseed, Soybean",155,1965,834,1.51,9,NULL
"Oilseed, Soybean",156,1965,2013,1.74,30,44
"Oilseed, Soybean",164,1965,415,1.57,8,10
"Oilseed, Soybean",179,1965,101,1.27,NULL,1
"Oilseed, Soybean",183,1965,1271,1.64,32,50
"Oilseed, Soybean",184,1965,63,1.10,NULL,NULL
"Oilseed, Soybean",219,1965,429,1.41,8,25
"Oilseed, Soybean",220,1965,143,1.14,2,2
"Oilseed, Soybean",259,1965,NULL,NULL,11,NULL
"Oilseed, Soybean",109,1964,3639,1.68,111,152
"Oilseed, Soybean",111,1964,1700,1.64,18,46
"Oilseed, Soybean",113,1964,3077,1.91,286,236
"Oilseed, Soybean",122,1964,293,1.21,15,12
"Oilseed, Soybean",124,1964,140,1.51,NULL,NULL
"Oilseed, Soybean",153,1964,189,1.51,2,2
"Oilseed, Soybean",154,1964,1448,1.34,147,66
"Oilseed, Soybean",156,1964,1426,1.41,88,30
"Oilseed, Soybean",164,1964,292,1.47,18,8
"Oilseed, Soybean",179,1964,70,0.97,1,NULL
"Oilseed, Soybean",183,1964,1042,1.51,10,32
"Oilseed, Soybean",220,1964,105,1.10,3,2
"Oilseed, Soybean",235,1964,41,1.74,NULL,NULL
"Oilseed, Soybean",109,1963,4175,1.98,63,111
"Oilseed, Soybean",111,1963,1852,1.84,12,18
"Oilseed, Soybean",113,1963,2768,2.05,97,286
"Oilseed, Soybean",122,1963,302,0.97,7,15
"Oilseed, Soybean",153,1963,171,1.41,NULL,2
"Oilseed, Soybean",154,1963,1478,1.64,58,147
"Oilseed, Soybean",155,1963,629,1.27,NULL,NULL
"Oilseed, Soybean",156,1963,1614,1.61,27,88
"Oilseed, Soybean",164,1963,257,1.91,38,18
"Oilseed, Soybean",179,1963,72,1.27,NULL,1
"Oilseed, Soybean",183,1963,1036,1.57,15,10
"Oilseed, Soybean",220,1963,90,1.61,1,3
"Oilseed, Soybean",261,1963,50,1.21,3,NULL
"Oilseed, Soybean",109,1962,4033,1.91,347,63
"Oilseed, Soybean",111,1962,1924,1.88,38,12
"Oilseed, Soybean",113,1962,2377,1.84,629,97
"Oilseed, Soybean",122,1962,406,1.17,38,7
"Oilseed, Soybean",153,1962,195,1.51,NULL,NULL
"Oilseed, Soybean",154,1962,1089,1.31,221,58
"Oilseed, Soybean",155,1962,548,1.31,5,NULL
"Oilseed, Soybean",156,1962,1560,1.51,59,27
"Oilseed, Soybean",164,1962,212,1.81,51,38
"Oilseed, Soybean",178,1962,339,1.61,4,NULL
"Oilseed, Soybean",179,1962,22,0.90,5,NULL
"Oilseed, Soybean",183,1962,1114,1.68,32,15
"Oilseed, Soybean",220,1962,62,1.37,4,1
"Oilseed, Soybean",234,1962,264,1.51,2,NULL
"Oilseed, Soybean",235,1962,41,1.81,1,NULL
"Oilseed, Soybean",261,1962,46,1.21,4,3
"Oilseed, Soybean",109,1961,3993,1.91,21,347
"Oilseed, Soybean",111,1961,1905,1.88,17,38
"Oilseed, Soybean",113,1961,2463,1.91,13,629
"Oilseed, Soybean",154,1961,1366,1.54,12,221
"Oilseed, Soybean",155,1961,591,1.51,1,5
"Oilseed, Soybean",178,1961,331,1.54,5,4
"Oilseed, Soybean",179,1961,65,0.94,1,5
"Oilseed, Soybean",183,1961,1224,1.88,9,32
"Oilseed, Soybean",220,1961,57,1.21,3,4
"Oilseed, Soybean",234,1961,258,1.47,1,2
"Oilseed, Soybean",10,1960,1301,1.41,1,NULL
"Oilseed, Soybean",109,1960,3282,1.74,92,21
"Oilseed, Soybean",111,1960,1655,1.81,13,17
"Oilseed, Soybean",113,1960,1682,1.71,272,13
"Oilseed, Soybean",154,1960,1034,1.31,33,12
"Oilseed, Soybean",155,1960,511,1.47,1,1
"Oilseed, Soybean",156,1960,1279,1.44,27,NULL
"Oilseed, Soybean",178,1960,311,1.51,14,5
"Oilseed, Soybean",179,1960,58,0.87,1,1
"Oilseed, Soybean",183,1960,932,1.64,8,9
"Oilseed, Soybean",220,1960,43,1.14,8,3
"Oilseed, Soybean",1,2020,286,2.75,NULL,NULL
"Oilseed, Soybean",1,2008,310,2.35,NULL,NULL
"Oilseed, Soybean",10,2008,3135,2.55,NULL,NULL
"Oilseed, Soybean",56,2008,134,1.84,NULL,NULL
"Oilseed, Soybean",75,2008,27,2.55,NULL,NULL
"Oilseed, Soybean",86,2008,326,2.08,NULL,NULL
"Oilseed, Soybean",124,2008,1208,2.31,NULL,NULL
"Oilseed, Soybean",137,2008,795,2.21,NULL,NULL
"Oilseed, Soybean",148,2008,369,2.01,NULL,NULL
"Oilseed, Soybean",155,2008,1990,2.68,NULL,NULL
"Oilseed, Soybean",171,2008,68,2.01,NULL,NULL
"Oilseed, Soybean",173,2008,263,3.09,NULL,NULL
"Oilseed, Soybean",178,2008,1399,2.21,NULL,NULL
"Oilseed, Soybean",184,2008,228,1.68,NULL,NULL
"Oilseed, Soybean",192,2008,436,2.68,NULL,NULL
"Oilseed, Soybean",219,2008,430,2.15,NULL,NULL
"Oilseed, Soybean",234,2008,1260,2.28,NULL,NULL
"Oilseed, Soybean",235,2008,127,1.64,NULL,NULL
"Oilseed, Soybean",258,2008,463,2.15,NULL,NULL
"Oilseed, Soybean",260,2008,18,2.75,NULL,NULL
"Oilseed, Soybean",1,2007,98,1.41,NULL,NULL
"Oilseed, Soybean",10,2007,2577,2.42,NULL,NULL
"Oilseed, Soybean",56,2007,102,1.74,NULL,NULL
"Oilseed, Soybean",75,2007,7,1.61,NULL,NULL
"Oilseed, Soybean",86,2007,217,2.01,NULL,NULL
"Oilseed, Soybean",124,2007,767,1.84,NULL,NULL
"Oilseed, Soybean",137,2007,654,2.89,NULL,NULL
"Oilseed, Soybean",148,2007,272,1.84,NULL,NULL
"Oilseed, Soybean",155,2007,1480,2.72,NULL,NULL
"Oilseed, Soybean",171,2007,62,2.08,NULL,NULL
"Oilseed, Soybean",173,2007,200,2.62,NULL,NULL
"Oilseed, Soybean",178,2007,770,1.47,NULL,NULL
"Oilseed, Soybean",184,2007,118,1.74,NULL,NULL
"Oilseed, Soybean",192,2007,447,2.75,NULL,NULL
"Oilseed, Soybean",219,2007,206,1.24,NULL,NULL
"Oilseed, Soybean",234,2007,487,1.27,NULL,NULL
"Oilseed, Soybean",235,2007,87,2.52,NULL,NULL
"Oilseed, Soybean",258,2007,349,1.84,NULL,NULL
"Oilseed, Soybean",260,2007,11,2.21,NULL,NULL
"Oilseed, Soybean",1,2006,76,1.34,NULL,NULL
"Oilseed, Soybean",10,2006,2727,2.35,NULL,NULL
"Oilseed, Soybean",56,2006,141,2.11,NULL,NULL
"Oilseed, Soybean",75,2006,3,1.81,NULL,NULL
"Oilseed, Soybean",86,2006,88,1.68,NULL,NULL
"Oilseed, Soybean",124,2006,1530,2.95,NULL,NULL
"Oilseed, Soybean",137,2006,767,2.42,NULL,NULL
"Oilseed, Soybean",148,2006,401,2.28,NULL,NULL
"Oilseed, Soybean",155,2006,1089,1.74,NULL,NULL
"Oilseed, Soybean",171,2006,76,2.35,NULL,NULL
"Oilseed, Soybean",173,2006,231,3.09,NULL,NULL
"Oilseed, Soybean",178,2006,1104,2.15,NULL,NULL
"Oilseed, Soybean",184,2006,92,1.14,NULL,NULL
"Oilseed, Soybean",192,2006,431,2.68,NULL,NULL
"Oilseed, Soybean",219,2006,287,1.94,NULL,NULL
"Oilseed, Soybean",234,2006,1118,2.62,NULL,NULL
"Oilseed, Soybean",235,2006,94,1.61,NULL,NULL
"Oilseed, Soybean",258,2006,401,2.08,NULL,NULL
"Oilseed, Soybean",260,2006,17,2.82,NULL,NULL
"Oilseed, Soybean",1,2005,121,2.21,NULL,NULL
"Oilseed, Soybean",10,2005,2589,2.28,NULL,NULL
"Oilseed, Soybean",56,2005,120,1.74,NULL,NULL
"Oilseed, Soybean",75,2005,6,2.15,NULL,NULL
"Oilseed, Soybean",86,2005,115,1.74,NULL,NULL
"Oilseed, Soybean",124,2005,1353,2.89,NULL,NULL
"Oilseed, Soybean",137,2005,733,2.28,NULL,NULL
"Oilseed, Soybean",148,2005,405,2.28,NULL,NULL
"Oilseed, Soybean",155,2005,1473,2.45,NULL,NULL
"Oilseed, Soybean",171,2005,64,1.88,NULL,NULL
"Oilseed, Soybean",173,2005,200,2.82,NULL,NULL
"Oilseed, Soybean",178,2005,1000,1.81,NULL,NULL
"Oilseed, Soybean",184,2005,201,1.74,NULL,NULL
"Oilseed, Soybean",192,2005,437,2.75,NULL,NULL
"Oilseed, Soybean",219,2005,218,1.37,NULL,NULL
"Oilseed, Soybean",234,2005,1061,2.55,NULL,NULL
"Oilseed, Soybean",235,2005,151,1.74,NULL,NULL
"Oilseed, Soybean",258,2005,394,2.05,NULL,NULL
"Oilseed, Soybean",260,2005,15,2.35,NULL,NULL
"Oilseed, Soybean",1,2004,168,2.35,NULL,NULL
"Oilseed, Soybean",10,2004,3118,2.62,NULL,NULL
"Oilseed, Soybean",56,2004,224,2.85,NULL,NULL
"Oilseed, Soybean",75,2004,14,2.28,NULL,NULL
"Oilseed, Soybean",86,2004,212,2.08,NULL,NULL
"Oilseed, Soybean",124,2004,1452,2.95,NULL,NULL
"Oilseed, Soybean",137,2004,829,2.21,NULL,NULL
"Oilseed, Soybean",148,2004,540,2.89,NULL,NULL
"Oilseed, Soybean",155,2004,1561,2.52,NULL,NULL
"Oilseed, Soybean",171,2004,109,2.82,NULL,NULL
"Oilseed, Soybean",173,2004,170,2.62,NULL,NULL
"Oilseed, Soybean",178,2004,1294,2.28,NULL,NULL
"Oilseed, Soybean",184,2004,220,2.01,NULL,NULL
"Oilseed, Soybean",192,2004,496,3.09,NULL,NULL
"Oilseed, Soybean",219,2004,363,1.81,NULL,NULL
"Oilseed, Soybean",234,2004,1228,2.75,NULL,NULL
"Oilseed, Soybean",235,2004,219,2.15,NULL,NULL
"Oilseed, Soybean",258,2004,524,2.62,NULL,NULL
"Oilseed, Soybean",260,2004,21,3.09,NULL,NULL
"Oilseed, Soybean",1,2003,146,2.42,NULL,NULL
"Oilseed, Soybean",10,2003,2824,2.58,NULL,NULL
"Oilseed, Soybean",56,2003,162,2.42,NULL,NULL
"Oilseed, Soybean",75,2003,9,2.01,NULL,NULL
"Oilseed, Soybean",86,2003,155,2.28,NULL,NULL
"Oilseed, Soybean",124,2003,1369,2.92,NULL,NULL
"Oilseed, Soybean",137,2003,638,2.28,NULL,NULL
"Oilseed, Soybean",148,2003,403,2.48,NULL,NULL
"Oilseed, Soybean",155,2003,1415,2.62,NULL,NULL
"Oilseed, Soybean",171,2003,75,2.28,NULL,NULL
"Oilseed, Soybean",173,2003,122,2.35,NULL,NULL
"Oilseed, Soybean",178,2003,1066,2.01,NULL,NULL
"Oilseed, Soybean",184,2003,161,1.74,NULL,NULL
"Oilseed, Soybean",192,2003,390,2.75,NULL,NULL
"Oilseed, Soybean",219,2003,298,1.88,NULL,NULL
"Oilseed, Soybean",234,2003,1194,2.82,NULL,NULL
"Oilseed, Soybean",235,2003,136,1.94,NULL,NULL
"Oilseed, Soybean",258,2003,414,2.28,NULL,NULL
"Oilseed, Soybean",260,2003,15,2.75,NULL,NULL
"Oilseed, Soybean",1,2002,94,1.61,NULL,NULL
"Oilseed, Soybean",10,2002,2449,2.25,NULL,NULL
"Oilseed, Soybean",56,2002,117,1.68,NULL,NULL
"Oilseed, Soybean",75,2002,7,2.21,NULL,NULL
"Oilseed, Soybean",86,2002,81,1.54,NULL,NULL
"Oilseed, Soybean",124,2002,1080,2.21,NULL,NULL
"Oilseed, Soybean",137,2002,536,2.15,NULL,NULL
"Oilseed, Soybean",148,2002,274,1.54,NULL,NULL
"Oilseed, Soybean",155,2002,1112,2.15,NULL,NULL
"Oilseed, Soybean",171,2002,59,1.61,NULL,NULL
"Oilseed, Soybean",173,2002,116,2.15,NULL,NULL
"Oilseed, Soybean",178,2002,785,1.61,NULL,NULL
"Oilseed, Soybean",184,2002,171,1.74,NULL,NULL
"Oilseed, Soybean",192,2002,257,1.74,NULL,NULL
"Oilseed, Soybean",219,2002,179,1.14,NULL,NULL
"Oilseed, Soybean",234,2002,881,2.08,NULL,NULL
"Oilseed, Soybean",235,2002,145,1.88,NULL,NULL
"Oilseed, Soybean",258,2002,268,1.54,NULL,NULL
"Oilseed, Soybean",260,2002,15,2.48,NULL,NULL
"Oilseed, Soybean",1,2001,119,2.35,NULL,NULL
"Oilseed, Soybean",10,2001,2315,2.15,NULL,NULL
"Oilseed, Soybean",56,2001,199,2.62,NULL,NULL
"Oilseed, Soybean",75,2001,6,1.94,NULL,NULL
"Oilseed, Soybean",86,2001,102,1.74,NULL,NULL
"Oilseed, Soybean",124,2001,1238,2.68,NULL,NULL
"Oilseed, Soybean",137,2001,511,2.21,NULL,NULL
"Oilseed, Soybean",148,2001,509,2.62,NULL,NULL
"Oilseed, Soybean",155,2001,938,2.21,NULL,NULL
"Oilseed, Soybean",171,2001,79,2.08,NULL,NULL
"Oilseed, Soybean",173,2001,132,2.21,NULL,NULL
"Oilseed, Soybean",178,2001,1096,2.15,NULL,NULL
"Oilseed, Soybean",179,2001,1794,2.25,NULL,56
"Oilseed, Soybean",184,2001,123,1.27,NULL,NULL
"Oilseed, Soybean",192,2001,350,2.35,NULL,NULL
"Oilseed, Soybean",219,2001,223,1.41,NULL,NULL
"Oilseed, Soybean",234,2001,897,2.28,NULL,NULL
"Oilseed, Soybean",235,2001,148,1.74,NULL,NULL
"Oilseed, Soybean",258,2001,432,2.38,NULL,NULL
"Oilseed, Soybean",260,2001,17,2.82,NULL,NULL
"Oilseed, Soybean",1,2000,73,1.21,NULL,NULL
"Oilseed, Soybean",10,2000,2039,1.71,NULL,NULL
"Oilseed, Soybean",56,2000,232,2.89,NULL,NULL
"Oilseed, Soybean",75,2000,7,1.27,NULL,NULL
"Oilseed, Soybean",86,2000,85,1.61,NULL,NULL
"Oilseed, Soybean",124,2000,1148,2.62,NULL,NULL
"Oilseed, Soybean",137,2000,517,1.61,NULL,NULL
"Oilseed, Soybean",148,2000,562,2.89,NULL,NULL
"Oilseed, Soybean",155,2000,882,1.47,NULL,NULL
"Oilseed, Soybean",171,2000,99,2.68,NULL,NULL
"Oilseed, Soybean",173,2000,110,2.21,NULL,NULL
"Oilseed, Soybean",178,2000,1122,2.18,NULL,NULL
"Oilseed, Soybean",179,2000,1502,2.15,NULL,NULL
"Oilseed, Soybean",184,2000,110,1.00,NULL,NULL
"Oilseed, Soybean",192,2000,420,2.89,NULL,NULL
"Oilseed, Soybean",219,2000,272,1.68,NULL,NULL
"Oilseed, Soybean",234,2000,729,1.68,NULL,NULL
"Oilseed, Soybean",235,2000,178,1.81,NULL,NULL
"Oilseed, Soybean",258,2000,469,2.58,NULL,NULL
"Oilseed, Soybean",260,2000,17,3.15,NULL,NULL
"Oilseed, Soybean",1,1999,81,1.07,NULL,NULL
"Oilseed, Soybean",10,1999,2345,1.88,NULL,NULL
"Oilseed, Soybean",56,1999,137,1.81,NULL,NULL
"Oilseed, Soybean",75,1999,15,2.15,NULL,NULL
"Oilseed, Soybean",86,1999,91,1.27,NULL,NULL
"Oilseed, Soybean",124,1999,618,1.41,NULL,NULL
"Oilseed, Soybean",137,1999,678,1.81,NULL,NULL
"Oilseed, Soybean",148,1999,389,2.15,NULL,NULL
"Oilseed, Soybean",155,1999,1133,1.57,NULL,NULL
"Oilseed, Soybean",171,1999,59,1.61,NULL,NULL
"Oilseed, Soybean",173,1999,120,2.48,NULL,NULL
"Oilseed, Soybean",178,1999,759,1.54,NULL,NULL
"Oilseed, Soybean",179,1999,1190,2.35,NULL,NULL
"Oilseed, Soybean",184,1999,173,1.27,NULL,NULL
"Oilseed, Soybean",192,1999,257,1.94,NULL,NULL
"Oilseed, Soybean",219,1999,228,1.34,NULL,NULL
"Oilseed, Soybean",234,1999,578,1.27,NULL,NULL
"Oilseed, Soybean",235,1999,260,1.81,NULL,NULL
"Oilseed, Soybean",258,1999,301,1.81,NULL,NULL
"Oilseed, Soybean",1,1998,178,1.47,NULL,NULL
"Oilseed, Soybean",10,1998,2157,1.68,NULL,NULL
"Oilseed, Soybean",56,1998,180,2.21,NULL,NULL
"Oilseed, Soybean",75,1998,17,1.54,NULL,NULL
"Oilseed, Soybean",86,1998,117,1.41,NULL,NULL
"Oilseed, Soybean",124,1998,913,2.01,NULL,NULL
"Oilseed, Soybean",137,1998,570,1.41,NULL,NULL
"Oilseed, Soybean",148,1998,362,2.08,NULL,NULL
"Oilseed, Soybean",155,1998,1218,1.61,NULL,NULL
"Oilseed, Soybean",171,1998,80,1.88,NULL,NULL
"Oilseed, Soybean",173,1998,100,2.75,NULL,NULL
"Oilseed, Soybean",178,1998,969,1.81,NULL,NULL
"Oilseed, Soybean",179,1998,1198,2.15,NULL,NULL
"Oilseed, Soybean",184,1998,155,1.21,NULL,NULL
"Oilseed, Soybean",192,1998,401,2.68,NULL,NULL
"Oilseed, Soybean",219,1998,266,1.41,NULL,NULL
"Oilseed, Soybean",234,1998,890,1.94,NULL,NULL
"Oilseed, Soybean",235,1998,150,1.47,NULL,NULL
"Oilseed, Soybean",258,1998,280,1.54,NULL,NULL
"Oilseed, Soybean",1,1997,215,1.68,NULL,NULL
"Oilseed, Soybean",56,1997,165,1.94,NULL,NULL
"Oilseed, Soybean",75,1997,28,1.68,NULL,NULL
"Oilseed, Soybean",86,1997,202,1.41,NULL,NULL
"Oilseed, Soybean",124,1997,1068,2.31,NULL,NULL
"Oilseed, Soybean",148,1997,396,2.01,NULL,NULL
"Oilseed, Soybean",155,1997,1629,2.08,NULL,NULL
"Oilseed, Soybean",171,1997,102,2.08,NULL,NULL
"Oilseed, Soybean",184,1997,251,2.01,NULL,NULL
"Oilseed, Soybean",192,1997,347,2.48,NULL,NULL
"Oilseed, Soybean",219,1997,325,1.51,NULL,NULL
"Oilseed, Soybean",235,1997,284,1.88,NULL,NULL
"Oilseed, Soybean",258,1997,286,1.54,NULL,NULL
"Oilseed, Soybean",1,1996,263,2.28,NULL,NULL
"Oilseed, Soybean",56,1996,192,2.35,NULL,NULL
"Oilseed, Soybean",75,1996,26,2.15,NULL,NULL
"Oilseed, Soybean",86,1996,257,1.74,NULL,NULL
"Oilseed, Soybean",124,1996,1138,2.55,NULL,NULL
"Oilseed, Soybean",148,1996,450,2.48,NULL,NULL
"Oilseed, Soybean",155,1996,1377,2.08,NULL,NULL
"Oilseed, Soybean",171,1996,111,2.48,NULL,NULL
"Oilseed, Soybean",184,1996,188,1.74,NULL,NULL
"Oilseed, Soybean",192,1996,289,2.68,NULL,NULL
"Oilseed, Soybean",219,1996,342,1.68,NULL,NULL
"Oilseed, Soybean",235,1996,178,1.74,NULL,NULL
"Oilseed, Soybean",258,1996,414,2.28,NULL,NULL
"Oilseed, Soybean",1,1995,137,1.61,NULL,NULL
"Oilseed, Soybean",56,1995,118,1.34,NULL,NULL
"Oilseed, Soybean",75,1995,18,1.74,NULL,NULL
"Oilseed, Soybean",86,1995,212,1.81,NULL,NULL
"Oilseed, Soybean",148,1995,297,1.54,NULL,NULL
"Oilseed, Soybean",155,1995,959,1.41,NULL,NULL
"Oilseed, Soybean",171,1995,77,1.47,NULL,NULL
"Oilseed, Soybean",184,1995,139,1.34,NULL,NULL
"Oilseed, Soybean",192,1995,239,2.01,NULL,NULL
"Oilseed, Soybean",235,1995,152,1.68,NULL,NULL
"Oilseed, Soybean",258,1995,286,1.61,NULL,NULL
"Oilseed, Soybean",1,1994,232,2.08,NULL,NULL
"Oilseed, Soybean",56,1994,203,2.45,NULL,NULL
"Oilseed, Soybean",75,1994,33,2.08,NULL,NULL
"Oilseed, Soybean",86,1994,393,2.08,NULL,NULL
"Oilseed, Soybean",124,1994,1075,2.52,NULL,66
"Oilseed, Soybean",148,1994,495,2.38,NULL,NULL
"Oilseed, Soybean",155,1994,1447,2.05,NULL,NULL
"Oilseed, Soybean",171,1994,128,2.31,NULL,NULL
"Oilseed, Soybean",184,1994,235,2.15,NULL,NULL
"Oilseed, Soybean",192,1994,335,2.82,NULL,NULL
"Oilseed, Soybean",235,1994,178,2.25,NULL,NULL
"Oilseed, Soybean",258,1994,422,2.15,NULL,NULL
"Oilseed, Soybean",1,1993,179,1.61,NULL,NULL
"Oilseed, Soybean",56,1993,125,1.54,NULL,NULL
"Oilseed, Soybean",75,1993,31,1.68,NULL,NULL
"Oilseed, Soybean",148,1993,376,1.74,NULL,NULL
"Oilseed, Soybean",155,1993,1089,1.47,NULL,NULL
"Oilseed, Soybean",171,1993,108,1.94,NULL,NULL
"Oilseed, Soybean",184,1993,158,1.61,NULL,NULL
"Oilseed, Soybean",192,1993,292,2.62,NULL,NULL
"Oilseed, Soybean",235,1993,98,1.27,NULL,NULL
"Oilseed, Soybean",258,1993,273,1.47,NULL,NULL
"Oilseed, Soybean",1,1992,198,1.94,NULL,NULL
"Oilseed, Soybean",56,1992,174,2.15,NULL,NULL
"Oilseed, Soybean",75,1992,38,2.01,NULL,NULL
"Oilseed, Soybean",148,1992,456,2.21,NULL,NULL
"Oilseed, Soybean",155,1992,1510,2.28,NULL,NULL
"Oilseed, Soybean",171,1992,107,2.21,NULL,NULL
"Oilseed, Soybean",184,1992,150,1.81,NULL,NULL
"Oilseed, Soybean",192,1992,282,2.62,NULL,NULL
"Oilseed, Soybean",219,1992,374,1.47,NULL,21
"Oilseed, Soybean",235,1992,326,2.21,NULL,NULL
"Oilseed, Soybean",258,1992,393,2.08,NULL,NULL
"Oilseed, Soybean",1,1991,204,1.54,NULL,NULL
"Oilseed, Soybean",56,1991,222,2.35,NULL,NULL
"Oilseed, Soybean",75,1991,29,1.81,NULL,NULL
"Oilseed, Soybean",148,1991,431,2.28,NULL,NULL
"Oilseed, Soybean",171,1991,112,2.42,NULL,NULL
"Oilseed, Soybean",184,1991,143,1.61,NULL,NULL
"Oilseed, Soybean",192,1991,251,2.21,NULL,NULL
"Oilseed, Soybean",219,1991,351,1.47,NULL,NULL
"Oilseed, Soybean",235,1991,133,2.08,NULL,NULL
"Oilseed, Soybean",258,1991,368,1.94,NULL,NULL
"Oilseed, Soybean",1,1990,189,1.14,NULL,NULL
"Oilseed, Soybean",56,1990,171,2.28,NULL,NULL
"Oilseed, Soybean",75,1990,36,1.27,NULL,NULL
"Oilseed, Soybean",86,1990,248,0.94,NULL,72
"Oilseed, Soybean",148,1990,452,2.42,NULL,NULL
"Oilseed, Soybean",155,1990,1012,1.41,NULL,93
"Oilseed, Soybean",171,1990,101,2.48,NULL,NULL
"Oilseed, Soybean",184,1990,117,1.41,NULL,NULL
"Oilseed, Soybean",192,1990,286,2.75,NULL,NULL
"Oilseed, Soybean",235,1990,126,1.68,NULL,NULL
"Oilseed, Soybean",258,1990,426,2.15,NULL,NULL
"Oilseed, Soybean",1,1989,303,1.41,NULL,NULL
"Oilseed, Soybean",56,1989,184,1.94,NULL,NULL
"Oilseed, Soybean",75,1989,67,1.47,NULL,NULL
"Oilseed, Soybean",124,1989,935,2.11,NULL,118
"Oilseed, Soybean",148,1989,418,2.01,NULL,NULL
"Oilseed, Soybean",171,1989,91,2.15,NULL,NULL
"Oilseed, Soybean",179,1989,351,1.47,NULL,25
"Oilseed, Soybean",184,1989,173,1.61,NULL,NULL
"Oilseed, Soybean",192,1989,263,2.28,NULL,NULL
"Oilseed, Soybean",235,1989,316,2.01,NULL,NULL
"Oilseed, Soybean",258,1989,438,2.15,NULL,NULL
"Oilseed, Soybean",56,1988,154,1.81,NULL,NULL
"Oilseed, Soybean",75,1988,84,1.94,NULL,NULL
"Oilseed, Soybean",86,1988,571,1.68,NULL,26
"Oilseed, Soybean",124,1988,612,1.78,NULL,NULL
"Oilseed, Soybean",148,1988,358,2.08,NULL,NULL
"Oilseed, Soybean",155,1988,1256,1.47,NULL,34
"Oilseed, Soybean",171,1988,70,1.81,NULL,NULL
"Oilseed, Soybean",179,1988,315,1.21,NULL,NULL
"Oilseed, Soybean",184,1988,123,1.21,NULL,NULL
"Oilseed, Soybean",192,1988,199,2.15,NULL,NULL
"Oilseed, Soybean",235,1988,159,1.88,NULL,NULL
"Oilseed, Soybean",258,1988,366,1.88,NULL,NULL
"Oilseed, Soybean",56,1987,107,1.21,NULL,NULL
"Oilseed, Soybean",75,1987,59,1.68,NULL,NULL
"Oilseed, Soybean",86,1987,415,1.41,NULL,NULL
"Oilseed, Soybean",148,1987,234,1.51,NULL,NULL
"Oilseed, Soybean",171,1987,81,2.08,NULL,NULL
"Oilseed, Soybean",179,1987,424,2.18,NULL,NULL
"Oilseed, Soybean",184,1987,152,1.68,NULL,NULL
"Oilseed, Soybean",192,1987,159,2.28,NULL,NULL
"Oilseed, Soybean",235,1987,106,1.88,NULL,NULL
"Oilseed, Soybean",258,1987,273,1.47,NULL,NULL
"Oilseed, Soybean",56,1986,146,1.61,NULL,NULL
"Oilseed, Soybean",75,1986,81,1.54,NULL,NULL
"Oilseed, Soybean",148,1986,267,1.81,NULL,NULL
"Oilseed, Soybean",171,1986,86,1.94,NULL,NULL
"Oilseed, Soybean",179,1986,417,2.35,NULL,NULL
"Oilseed, Soybean",184,1986,121,1.61,NULL,NULL
"Oilseed, Soybean",192,1986,155,2.35,NULL,NULL
"Oilseed, Soybean",235,1986,110,1.54,NULL,NULL
"Oilseed, Soybean",258,1986,347,1.61,NULL,NULL
"Oilseed, Soybean",1,1985,706,1.81,NULL,75
"Oilseed, Soybean",56,1985,182,2.01,NULL,NULL
"Oilseed, Soybean",75,1985,151,1.74,NULL,NULL
"Oilseed, Soybean",148,1985,324,2.15,NULL,NULL
"Oilseed, Soybean",171,1985,111,2.28,NULL,NULL
"Oilseed, Soybean",1,1984,730,1.41,NULL,NULL
"Oilseed, Soybean",56,1984,152,1.61,NULL,NULL
"Oilseed, Soybean",86,1984,1015,1.34,NULL,84
"Oilseed, Soybean",148,1984,312,1.94,NULL,NULL
"Oilseed, Soybean",171,1984,104,2.08,NULL,NULL
"Oilseed, Soybean",192,1984,151,2.35,NULL,15
"Oilseed, Soybean",1,1973,517,1.41,NULL,2
"Oilseed, Soybean",10,1973,2951,1.68,NULL,253
"Oilseed, Soybean",56,1973,145,1.88,NULL,2
"Oilseed, Soybean",75,1973,154,1.61,NULL,2
"Oilseed, Soybean",86,1973,479,1.41,NULL,59
"Oilseed, Soybean",124,1973,660,1.74,NULL,13
"Oilseed, Soybean",148,1973,255,2.08,NULL,37
"Oilseed, Soybean",155,1973,1535,1.47,NULL,89
"Oilseed, Soybean",171,1973,45,1.41,NULL,NULL
"Oilseed, Soybean",173,1973,7,1.74,NULL,NULL
"Oilseed, Soybean",178,1973,883,1.61,NULL,8
"Oilseed, Soybean",184,1973,111,1.47,NULL,NULL
"Oilseed, Soybean",192,1973,39,1.74,NULL,NULL
"Oilseed, Soybean",258,1973,283,1.81,NULL,1
"Oilseed, Soybean",1,1972,406,1.34,NULL,NULL
"Oilseed, Soybean",10,1972,2056,1.34,NULL,NULL
"Oilseed, Soybean",56,1972,104,1.68,NULL,NULL
"Oilseed, Soybean",75,1972,123,1.41,NULL,NULL
"Oilseed, Soybean",124,1972,599,1.81,NULL,NULL
"Oilseed, Soybean",148,1972,181,1.81,NULL,NULL
"Oilseed, Soybean",171,1972,33,1.14,NULL,NULL
"Oilseed, Soybean",173,1972,4,1.41,NULL,NULL
"Oilseed, Soybean",178,1972,739,1.68,NULL,NULL
"Oilseed, Soybean",184,1972,90,1.41,NULL,NULL
"Oilseed, Soybean",192,1972,26,1.68,NULL,NULL
"Oilseed, Soybean",258,1972,204,1.54,NULL,NULL
"Oilseed, Soybean",261,1972,103,1.88,NULL,2
"Oilseed, Soybean",1,1971,432,1.74,NULL,NULL
"Oilseed, Soybean",10,1971,2347,1.44,NULL,NULL
"Oilseed, Soybean",56,1971,108,1.88,NULL,NULL
"Oilseed, Soybean",124,1971,528,1.98,NULL,NULL
"Oilseed, Soybean",148,1971,167,2.01,NULL,NULL
"Oilseed, Soybean",173,1971,3,1.47,NULL,NULL
"Oilseed, Soybean",184,1971,88,1.44,NULL,NULL
"Oilseed, Soybean",192,1971,23,1.94,NULL,NULL
"Oilseed, Soybean",258,1971,215,1.61,NULL,NULL
"Oilseed, Soybean",1,1970,350,1.54,NULL,NULL
"Oilseed, Soybean",56,1970,83,1.41,NULL,NULL
"Oilseed, Soybean",75,1970,130,1.88,NULL,NULL
"Oilseed, Soybean",86,1970,277,1.54,NULL,47
"Oilseed, Soybean",124,1970,363,1.81,NULL,NULL
"Oilseed, Soybean",173,1970,3,1.34,NULL,NULL
"Oilseed, Soybean",178,1970,528,1.61,NULL,36
"Oilseed, Soybean",192,1970,22,2.15,NULL,NULL
"Oilseed, Soybean",258,1970,172,1.34,NULL,NULL
"Oilseed, Soybean",1,1969,359,1.51,NULL,NULL
"Oilseed, Soybean",56,1969,114,1.94,NULL,NULL
"Oilseed, Soybean",75,1969,107,1.68,NULL,NULL
"Oilseed, Soybean",86,1969,258,1.71,NULL,NULL
"Oilseed, Soybean",124,1969,319,1.88,NULL,NULL
"Oilseed, Soybean",148,1969,165,2.08,NULL,19
"Oilseed, Soybean",173,1969,3,1.64,NULL,NULL
"Oilseed, Soybean",178,1969,584,1.74,NULL,NULL
"Oilseed, Soybean",192,1969,19,2.01,NULL,NULL
"Oilseed, Soybean",234,1969,685,1.61,NULL,41
"Oilseed, Soybean",258,1969,238,1.74,NULL,NULL
"Oilseed, Soybean",10,1968,2317,1.47,NULL,299
"Oilseed, Soybean",56,1968,75,1.27,NULL,NULL
"Oilseed, Soybean",75,1968,87,1.61,NULL,NULL
"Oilseed, Soybean",86,1968,166,1.07,NULL,NULL
"Oilseed, Soybean",124,1968,299,1.78,NULL,NULL
"Oilseed, Soybean",148,1968,132,1.68,NULL,NULL
"Oilseed, Soybean",173,1968,3,1.47,NULL,NULL
"Oilseed, Soybean",192,1968,13,1.61,NULL,NULL
"Oilseed, Soybean",234,1968,613,1.41,NULL,NULL
"Oilseed, Soybean",258,1968,179,1.27,NULL,NULL
"Oilseed, Soybean",1,1967,325,1.78,NULL,4
"Oilseed, Soybean",10,1967,2329,1.54,NULL,NULL
"Oilseed, Soybean",56,1967,96,1.74,NULL,NULL
"Oilseed, Soybean",124,1967,275,1.88,NULL,NULL
"Oilseed, Soybean",148,1967,135,1.91,NULL,NULL
"Oilseed, Soybean",173,1967,2,1.54,NULL,NULL
"Oilseed, Soybean",184,1967,95,1.54,NULL,2
"Oilseed, Soybean",192,1967,15,1.81,NULL,NULL
"Oilseed, Soybean",235,1967,170,1.74,NULL,61
"Oilseed, Soybean",258,1967,209,1.44,NULL,NULL
"Oilseed, Soybean",1,1966,174,1.64,NULL,NULL
"Oilseed, Soybean",10,1966,2129,1.51,NULL,NULL
"Oilseed, Soybean",56,1966,43,0.80,NULL,NULL
"Oilseed, Soybean",75,1966,54,1.81,NULL,NULL
"Oilseed, Soybean",86,1966,175,1.54,NULL,3
"Oilseed, Soybean",148,1966,73,0.94,NULL,NULL
"Oilseed, Soybean",155,1966,1072,1.57,NULL,29
"Oilseed, Soybean",173,1966,1,1.34,NULL,NULL
"Oilseed, Soybean",178,1966,585,1.68,NULL,17
"Oilseed, Soybean",184,1966,72,1.34,NULL,NULL
"Oilseed, Soybean",192,1966,8,1.27,NULL,NULL
"Oilseed, Soybean",235,1966,84,1.81,NULL,NULL
"Oilseed, Soybean",258,1966,166,1.24,NULL,NULL
"Oilseed, Soybean",261,1966,93,1.34,NULL,6
"Oilseed, Soybean",1,1965,127,1.47,NULL,NULL
"Oilseed, Soybean",10,1965,1937,1.44,NULL,NULL
"Oilseed, Soybean",56,1965,88,1.68,NULL,NULL
"Oilseed, Soybean",75,1965,51,1.74,NULL,NULL
"Oilseed, Soybean",86,1965,108,1.37,NULL,NULL
"Oilseed, Soybean",124,1965,179,1.61,NULL,16
"Oilseed, Soybean",148,1965,138,1.81,NULL,NULL
"Oilseed, Soybean",171,1965,22,1.57,NULL,NULL
"Oilseed, Soybean",173,1965,1,1.00,NULL,NULL
"Oilseed, Soybean",178,1965,492,1.68,NULL,NULL
"Oilseed, Soybean",192,1965,9,1.61,NULL,NULL
"Oilseed, Soybean",234,1965,436,1.57,NULL,65
"Oilseed, Soybean",235,1965,54,1.74,NULL,NULL
"Oilseed, Soybean",258,1965,179,1.37,NULL,NULL
"Oilseed, Soybean",261,1965,77,1.27,NULL,NULL
"Oilseed, Soybean",1,1964,115,1.47,NULL,NULL
"Oilseed, Soybean",10,1964,1684,1.34,NULL,NULL
"Oilseed, Soybean",56,1964,48,0.80,NULL,NULL
"Oilseed, Soybean",75,1964,43,1.68,NULL,NULL
"Oilseed, Soybean",86,1964,78,1.34,NULL,NULL
"Oilseed, Soybean",137,1964,230,1.34,NULL,29
"Oilseed, Soybean",148,1964,85,1.00,NULL,NULL
"Oilseed, Soybean",155,1964,623,1.27,NULL,9
"Oilseed, Soybean",171,1964,13,0.94,NULL,NULL
"Oilseed, Soybean",173,1964,1,1.00,NULL,NULL
"Oilseed, Soybean",178,1964,406,1.57,NULL,NULL
"Oilseed, Soybean",184,1964,51,1.10,NULL,NULL
"Oilseed, Soybean",192,1964,6,1.14,NULL,NULL
"Oilseed, Soybean",219,1964,369,1.44,NULL,8
"Oilseed, Soybean",234,1964,342,1.54,NULL,NULL
"Oilseed, Soybean",258,1964,170,1.34,NULL,NULL
"Oilseed, Soybean",261,1964,55,1.10,NULL,NULL
"Oilseed, Soybean",1,1963,97,1.34,NULL,NULL
"Oilseed, Soybean",10,1963,1417,1.17,NULL,NULL
"Oilseed, Soybean",56,1963,75,1.21,NULL,NULL
"Oilseed, Soybean",75,1963,31,1.68,NULL,NULL
"Oilseed, Soybean",86,1963,44,1.10,NULL,NULL
"Oilseed, Soybean",124,1963,145,1.64,NULL,NULL
"Oilseed, Soybean",137,1963,170,1.47,NULL,NULL
"Oilseed, Soybean",148,1963,108,1.24,NULL,NULL
"Oilseed, Soybean",171,1963,17,1.17,NULL,NULL
"Oilseed, Soybean",173,1963,1,1.07,NULL,NULL
"Oilseed, Soybean",178,1963,362,1.57,NULL,NULL
"Oilseed, Soybean",184,1963,46,0.90,NULL,NULL
"Oilseed, Soybean",192,1963,3,1.21,NULL,NULL
"Oilseed, Soybean",219,1963,278,1.14,NULL,NULL
"Oilseed, Soybean",234,1963,281,1.41,NULL,NULL
"Oilseed, Soybean",235,1963,53,1.94,NULL,NULL
"Oilseed, Soybean",258,1963,113,0.94,NULL,NULL
"Oilseed, Soybean",1,1962,91,1.37,NULL,NULL
"Oilseed, Soybean",10,1962,1554,1.44,NULL,NULL
"Oilseed, Soybean",56,1962,88,1.27,NULL,NULL
"Oilseed, Soybean",75,1962,26,1.68,NULL,NULL
"Oilseed, Soybean",86,1962,34,1.07,NULL,NULL
"Oilseed, Soybean",124,1962,133,1.61,NULL,NULL
"Oilseed, Soybean",137,1962,122,1.47,NULL,NULL
"Oilseed, Soybean",148,1962,132,1.37,NULL,NULL
"Oilseed, Soybean",171,1962,23,1.64,NULL,NULL
"Oilseed, Soybean",173,1962,1,1.21,NULL,NULL
"Oilseed, Soybean",184,1962,65,1.14,NULL,NULL
"Oilseed, Soybean",192,1962,4,1.41,NULL,NULL
"Oilseed, Soybean",219,1962,275,1.24,NULL,NULL
"Oilseed, Soybean",258,1962,193,1.37,NULL,NULL
"Oilseed, Soybean",1,1961,91,1.54,NULL,NULL
"Oilseed, Soybean",10,1961,1284,1.27,NULL,NULL
"Oilseed, Soybean",56,1961,116,1.61,NULL,NULL
"Oilseed, Soybean",75,1961,26,1.74,NULL,NULL
"Oilseed, Soybean",86,1961,34,1.14,NULL,NULL
"Oilseed, Soybean",122,1961,383,1.44,NULL,38
"Oilseed, Soybean",124,1961,127,1.68,NULL,NULL
"Oilseed, Soybean",137,1961,120,1.61,NULL,NULL
"Oilseed, Soybean",148,1961,143,1.61,NULL,NULL
"Oilseed, Soybean",153,1961,188,1.74,NULL,NULL
"Oilseed, Soybean",156,1961,1585,1.61,NULL,59
"Oilseed, Soybean",164,1961,189,1.71,NULL,51
"Oilseed, Soybean",171,1961,21,1.61,NULL,NULL
"Oilseed, Soybean",173,1961,1,1.41,NULL,NULL
"Oilseed, Soybean",184,1961,74,1.34,NULL,NULL
"Oilseed, Soybean",192,1961,6,1.54,NULL,NULL
"Oilseed, Soybean",219,1961,273,1.31,NULL,NULL
"Oilseed, Soybean",235,1961,56,1.74,NULL,1
"Oilseed, Soybean",258,1961,191,1.37,NULL,NULL
"Oilseed, Soybean",261,1961,51,1.24,NULL,4
"Oilseed, Soybean",1,1960,82,1.61,NULL,NULL
"Oilseed, Soybean",56,1960,107,1.61,NULL,NULL
"Oilseed, Soybean",75,1960,21,1.74,NULL,NULL
"Oilseed, Soybean",86,1960,32,1.14,NULL,NULL
"Oilseed, Soybean",122,1960,319,1.44,NULL,NULL
"Oilseed, Soybean",124,1960,111,1.47,NULL,NULL
"Oilseed, Soybean",137,1960,131,1.61,NULL,NULL
"Oilseed, Soybean",148,1960,141,1.74,NULL,NULL
"Oilseed, Soybean",153,1960,112,1.34,NULL,NULL
"Oilseed, Soybean",164,1960,116,1.88,NULL,NULL
"Oilseed, Soybean",171,1960,20,1.64,NULL,NULL
"Oilseed, Soybean",173,1960,1,1.14,NULL,NULL
"Oilseed, Soybean",184,1960,61,1.34,NULL,NULL
"Oilseed, Soybean",192,1960,4,1.54,NULL,NULL
"Oilseed, Soybean",219,1960,238,1.27,NULL,NULL
"Oilseed, Soybean",234,1960,225,1.51,NULL,1
"Oilseed, Soybean",235,1960,51,1.81,NULL,NULL
"Oilseed, Soybean",258,1960,177,1.51,NULL,NULL
"Oilseed, Soybean",261,1960,41,1.14,NULL,NULL
