"Wheat",1,2020,NULL,4.84,NULL,NULL
"Wheat",9,2020,115,6.65,NULL,NULL
"Wheat",10,2020,112,3.69,49,NULL
"Wheat",36,2020,210,5.20,187,NULL
"Wheat",45,2020,1117,1.81,618,NULL
"Wheat",56,2020,109,4.90,NULL,NULL
"Wheat",86,2020,127,3.69,NULL,NULL
"Wheat",108,2020,3062,6.50,784,NULL
"Wheat",109,2020,962,4.57,232,NULL
"Wheat",111,2020,476,4.70,293,NULL
"Wheat",122,2020,7655,3.02,7140,NULL
"Wheat",124,2020,583,4.23,NULL,NULL
"Wheat",148,2020,298,4.90,NULL,NULL
"Wheat",153,2020,918,5.04,604,NULL
"Wheat",154,2020,1961,3.56,1322,NULL
"Wheat",155,2020,26,3.22,NULL,NULL
"Wheat",156,2020,624,4.16,299,NULL
"Wheat",159,2020,6187,2.80,1930,NULL
"Wheat",164,2020,926,2.75,948,NULL
"Wheat",171,2020,32,4.50,NULL,NULL
"Wheat",172,2020,87,1.88,NULL,NULL
"Wheat",173,2020,215,4.43,NULL,NULL
"Wheat",178,2020,571,4.03,59,NULL
"Wheat",179,2020,8513,3.20,4056,NULL
"Wheat",183,2020,946,4.77,733,NULL
"Wheat",184,2020,2830,2.68,1715,NULL
"Wheat",186,2020,1262,4.30,530,NULL
"Wheat",192,2020,367,4.77,NULL,NULL
"Wheat",219,2020,131,3.42,NULL,NULL
"Wheat",220,2020,1919,3.48,1245,NULL
"Wheat",234,2020,369,3.96,NULL,NULL
"Wheat",235,2020,1673,2.01,1756,NULL
"Wheat",250,2020,141,3.56,NULL,NULL
"Wheat",258,2020,212,4.03,NULL,NULL
"Wheat",259,2020,4508,4.87,1451,NULL
"Wheat",261,2020,234,4.63,NULL,NULL
"Wheat",262,2020,63,1.74,NULL,NULL
"Wheat",75,2020,NULL,NULL,NULL,NULL
"Wheat",113,2020,NULL,NULL,NULL,NULL
"Wheat",137,2020,NULL,NULL,NULL,NULL
"Wheat",168,2020,NULL,NULL,NULL,NULL
"Wheat",170,2020,NULL,NULL,NULL,NULL
"Wheat",260,2020,NULL,NULL,NULL,NULL
"Wheat",1,2019,166,4.84,NULL,NULL
"Wheat",9,2019,99,6.99,NULL,NULL
"Wheat",10,2019,70,3.49,NULL,49
"Wheat",36,2019,197,3.99,205,187
"Wheat",45,2019,2667,3.29,572,618
"Wheat",56,2019,97,4.84,NULL,NULL
"Wheat",86,2019,76,3.76,NULL,NULL
"Wheat",108,2019,2687,5.90,779,784
"Wheat",109,2019,1002,4.50,455,232
"Wheat",111,2019,438,4.16,450,293
"Wheat",122,2019,9482,3.49,7216,7140
"Wheat",124,2019,682,5.10,NULL,NULL
"Wheat",148,2019,336,5.04,NULL,NULL
"Wheat",153,2019,946,4.77,846,604
"Wheat",154,2019,2172,3.83,1371,1322
"Wheat",155,2019,26,3.15,NULL,NULL
"Wheat",156,2019,668,4.23,366,299
"Wheat",159,2019,5926,2.85,1733,1930
"Wheat",164,2019,1504,3.83,980,948
"Wheat",171,2019,25,4.43,NULL,NULL
"Wheat",172,2019,89,2.01,NULL,NULL
"Wheat",173,2019,113,4.23,NULL,NULL
"Wheat",178,2019,342,3.76,120,59
"Wheat",179,2019,8742,3.25,4015,4056
"Wheat",183,2019,586,3.76,1111,733
"Wheat",184,2019,2994,2.68,2346,1715
"Wheat",186,2019,1351,4.57,288,530
"Wheat",192,2019,278,4.90,NULL,NULL
"Wheat",219,2019,58,3.22,NULL,NULL
"Wheat",220,2019,1780,3.23,1063,1245
"Wheat",234,2019,392,4.50,NULL,NULL
"Wheat",235,2019,1943,2.28,1706,1756
"Wheat",250,2019,170,3.63,NULL,NULL
"Wheat",258,2019,177,4.16,NULL,NULL
"Wheat",259,2019,3897,4.34,1312,1451
"Wheat",261,2019,261,4.30,NULL,NULL
"Wheat",262,2019,128,2.89,NULL,NULL
"Wheat",75,2019,NULL,NULL,NULL,NULL
"Wheat",113,2019,NULL,NULL,NULL,NULL
"Wheat",137,2019,NULL,NULL,NULL,NULL
"Wheat",168,2019,NULL,NULL,NULL,NULL
"Wheat",170,2019,NULL,NULL,NULL,NULL
"Wheat",260,2019,NULL,NULL,NULL,NULL
"Wheat",1,2018,215,4.84,NULL,NULL
"Wheat",9,2018,214,6.89,NULL,NULL
"Wheat",10,2018,142,3.69,NULL,NULL
"Wheat",36,2018,326,5.47,169,205
"Wheat",45,2018,1918,2.42,778,572
"Wheat",56,2018,86,4.77,NULL,NULL
"Wheat",75,2018,9,2.42,NULL,NULL
"Wheat",86,2018,102,3.63,NULL,NULL
"Wheat",108,2018,2841,6.17,504,779
"Wheat",109,2018,1005,4.43,779,455
"Wheat",111,2018,502,4.77,724,450
"Wheat",113,2018,9,3.89,NULL,NULL
"Wheat",122,2018,7550,2.55,8255,7216
"Wheat",124,2018,538,4.43,NULL,NULL
"Wheat",137,2018,17,4.36,NULL,NULL
"Wheat",148,2018,342,4.23,NULL,NULL
"Wheat",153,2018,972,5.10,851,846
"Wheat",154,2018,2529,3.96,940,1371
"Wheat",155,2018,40,3.29,NULL,NULL
"Wheat",156,2018,835,3.96,540,366
"Wheat",159,2018,5379,2.57,1277,1733
"Wheat",164,2018,1347,3.29,1008,980
"Wheat",168,2018,24,7.56,NULL,NULL
"Wheat",171,2018,25,4.16,NULL,NULL
"Wheat",172,2018,42,1.00,NULL,NULL
"Wheat",173,2018,178,4.63,NULL,NULL
"Wheat",178,2018,574,3.83,81,120
"Wheat",179,2018,9893,3.20,2695,4015
"Wheat",183,2018,918,5.04,1232,1111
"Wheat",184,2018,1905,1.88,2953,2346
"Wheat",186,2018,1404,4.50,463,288
"Wheat",192,2018,256,4.36,NULL,NULL
"Wheat",219,2018,95,3.63,NULL,NULL
"Wheat",220,2018,1967,2.98,709,1063
"Wheat",234,2018,504,4.36,NULL,NULL
"Wheat",235,2018,1524,2.15,2149,1706
"Wheat",250,2018,145,3.49,NULL,NULL
"Wheat",258,2018,253,4.03,NULL,NULL
"Wheat",259,2018,4170,4.75,1199,1312
"Wheat",260,2018,3,3.09,NULL,NULL
"Wheat",261,2018,386,4.77,NULL,NULL
"Wheat",262,2018,106,2.28,NULL,NULL
"Wheat",170,2018,NULL,NULL,NULL,NULL
"Wheat",1,2017,209,5.17,NULL,NULL
"Wheat",9,2017,288,6.77,NULL,NULL
"Wheat",10,2017,176,3.49,NULL,NULL
"Wheat",36,2017,337,4.58,198,169
"Wheat",45,2017,2384,2.90,947,778
"Wheat",56,2017,119,4.90,NULL,NULL
"Wheat",75,2017,10,2.48,NULL,NULL
"Wheat",86,2017,89,3.15,NULL,NULL
"Wheat",108,2017,2469,5.49,948,504
"Wheat",109,2017,972,5.10,657,779
"Wheat",111,2017,483,4.97,753,724
"Wheat",113,2017,14,4.57,NULL,NULL
"Wheat",122,2017,9080,3.22,8056,8255
"Wheat",124,2017,649,5.17,NULL,NULL
"Wheat",137,2017,16,3.09,NULL,NULL
"Wheat",148,2017,357,4.77,NULL,NULL
"Wheat",153,2017,913,5.31,852,851
"Wheat",154,2017,2066,4.49,1441,940
"Wheat",155,2017,39,3.89,NULL,NULL
"Wheat",156,2017,999,4.57,504,540
"Wheat",159,2017,3468,1.83,1661,1277
"Wheat",164,2017,1277,3.09,1190,1008
"Wheat",168,2017,40,7.10,NULL,NULL
"Wheat",171,2017,29,4.30,NULL,NULL
"Wheat",172,2017,110,2.01,NULL,NULL
"Wheat",173,2017,227,4.50,NULL,NULL
"Wheat",178,2017,561,3.69,85,81
"Wheat",179,2017,6454,2.54,3033,2695
"Wheat",183,2017,926,4.97,1338,1232
"Wheat",184,2017,2683,2.28,2475,2953
"Wheat",186,2017,1308,4.23,467,463
"Wheat",192,2017,293,4.84,NULL,NULL
"Wheat",219,2017,100,3.29,NULL,NULL
"Wheat",220,2017,1134,2.33,1385,709
"Wheat",234,2017,523,4.70,NULL,NULL
"Wheat",235,2017,1854,1.94,1739,2149
"Wheat",250,2017,169,3.49,NULL,NULL
"Wheat",258,2017,260,4.43,NULL,NULL
"Wheat",259,2017,3878,4.47,1768,1199
"Wheat",260,2017,7,4.63,NULL,NULL
"Wheat",261,2017,314,4.57,NULL,NULL
"Wheat",262,2017,80,1.88,NULL,NULL
"Wheat",170,2017,NULL,NULL,NULL,NULL
"Wheat",1,2016,323,4.70,NULL,NULL
"Wheat",9,2016,274,6.57,NULL,NULL
"Wheat",10,2016,169,3.63,85,NULL
"Wheat",36,2016,470,5.35,155,198
"Wheat",45,2016,2885,3.24,770,947
"Wheat",56,2016,118,4.50,NULL,NULL
"Wheat",75,2016,12,2.01,NULL,NULL
"Wheat",86,2016,137,3.09,NULL,NULL
"Wheat",108,2016,2797,6.14,599,948
"Wheat",109,2016,946,4.97,458,657
"Wheat",111,2016,617,5.44,552,753
"Wheat",113,2016,29,4.23,NULL,NULL
"Wheat",122,2016,12721,3.83,5657,8056
"Wheat",124,2016,870,5.37,NULL,NULL
"Wheat",137,2016,24,3.02,NULL,NULL
"Wheat",148,2016,452,4.30,NULL,NULL
"Wheat",153,2016,1380,5.98,439,852
"Wheat",154,2016,2036,3.96,1567,1441
"Wheat",155,2016,65,3.22,NULL,NULL
"Wheat",156,2016,1086,4.70,410,504
"Wheat",159,2016,5739,2.85,1554,1661
"Wheat",164,2016,1925,3.63,818,1190
"Wheat",168,2016,17,4.86,NULL,NULL
"Wheat",171,2016,36,4.30,NULL,NULL
"Wheat",172,2016,125,1.47,NULL,NULL
"Wheat",173,2016,231,4.97,NULL,NULL
"Wheat",178,2016,396,2.75,116,85
"Wheat",179,2016,9063,3.02,3786,3033
"Wheat",183,2016,1219,5.37,991,1338
"Wheat",184,2016,3715,2.62,1914,2475
"Wheat",186,2016,1087,3.36,291,467
"Wheat",192,2016,277,4.57,NULL,NULL
"Wheat",219,2016,58,2.89,NULL,NULL
"Wheat",220,2016,3028,3.46,1286,1385
"Wheat",234,2016,665,4.90,NULL,NULL
"Wheat",235,2016,2438,2.15,1503,1739
"Wheat",250,2016,195,4.02,NULL,NULL
"Wheat",258,2016,252,3.56,NULL,NULL
"Wheat",259,2016,4281,4.80,1213,1768
"Wheat",260,2016,6,4.10,NULL,NULL
"Wheat",261,2016,537,5.31,NULL,NULL
"Wheat",262,2016,115,2.28,NULL,NULL
"Wheat",170,2016,NULL,NULL,NULL,NULL
"Wheat",1,2015,407,4.57,NULL,NULL
"Wheat",9,2015,417,6.79,NULL,NULL
"Wheat",10,2015,365,3.76,186,85
"Wheat",36,2015,506,5.31,159,155
"Wheat",45,2015,2217,2.49,473,770
"Wheat",56,2015,114,4.36,NULL,NULL
"Wheat",75,2015,17,2.89,NULL,NULL
"Wheat",86,2015,169,2.89,NULL,NULL
"Wheat",108,2015,2432,5.20,494,599
"Wheat",109,2015,919,4.36,581,458
"Wheat",111,2015,481,4.57,602,552
"Wheat",113,2015,21,3.49,NULL,NULL
"Wheat",122,2015,8761,2.48,3813,5657
"Wheat",124,2015,874,4.90,NULL,NULL
"Wheat",137,2015,97,2.62,NULL,NULL
"Wheat",148,2015,470,4.30,NULL,NULL
"Wheat",153,2015,1047,5.44,357,439
"Wheat",154,2015,2403,4.02,1232,1567
"Wheat",155,2015,156,3.22,NULL,NULL
"Wheat",156,2015,879,3.56,386,410
"Wheat",159,2015,5131,2.35,1502,1554
"Wheat",164,2015,1251,2.55,470,818
"Wheat",168,2015,17,5.46,NULL,NULL
"Wheat",171,2015,27,3.36,NULL,NULL
"Wheat",172,2015,129,1.68,NULL,NULL
"Wheat",173,2015,188,4.23,NULL,NULL
"Wheat",178,2015,822,3.56,155,116
"Wheat",179,2015,10071,3.13,2764,3786
"Wheat",183,2015,875,4.50,790,991
"Wheat",184,2015,2689,1.74,1094,1914
"Wheat",186,2015,1066,3.17,326,291
"Wheat",192,2015,309,4.36,NULL,NULL
"Wheat",219,2015,200,3.09,NULL,NULL
"Wheat",220,2015,2814,3.10,861,1286
"Wheat",234,2015,731,4.57,NULL,NULL
"Wheat",235,2015,2898,2.01,689,1503
"Wheat",250,2015,168,3.26,NULL,NULL
"Wheat",258,2015,377,4.43,NULL,NULL
"Wheat",259,2015,3045,3.38,1051,1213
"Wheat",260,2015,6,4.03,NULL,NULL
"Wheat",261,2015,422,4.97,NULL,NULL
"Wheat",262,2015,113,2.15,NULL,NULL
"Wheat",170,2015,NULL,NULL,NULL,NULL
"Wheat",1,2014,422,4.63,NULL,NULL
"Wheat",9,2014,248,7.40,NULL,NULL
"Wheat",10,2014,677,4.23,NULL,186
"Wheat",36,2014,499,5.60,71,159
"Wheat",45,2014,2444,2.56,295,473
"Wheat",56,2014,146,4.84,NULL,NULL
"Wheat",75,2014,10,2.62,NULL,NULL
"Wheat",86,2014,306,3.29,NULL,NULL
"Wheat",108,2014,2550,5.27,366,494
"Wheat",109,2014,1221,4.50,301,581
"Wheat",111,2014,692,5.10,417,602
"Wheat",113,2014,20,3.29,NULL,NULL
"Wheat",122,2014,6706,1.88,3180,3813
"Wheat",124,2014,985,4.77,NULL,NULL
"Wheat",137,2014,253,4.16,NULL,NULL
"Wheat",148,2014,476,4.70,NULL,NULL
"Wheat",153,2014,946,4.97,415,357
"Wheat",154,2014,1809,3.68,844,1232
"Wheat",155,2014,339,3.89,NULL,NULL
"Wheat",156,2014,1168,3.89,251,386
"Wheat",159,2014,5701,2.49,1043,1502
"Wheat",164,2014,1933,3.29,375,470
"Wheat",168,2014,28,7.05,NULL,NULL
"Wheat",171,2014,36,3.56,NULL,NULL
"Wheat",172,2014,80,1.88,NULL,NULL
"Wheat",173,2014,162,4.23,NULL,NULL
"Wheat",178,2014,1215,3.89,152,155
"Wheat",179,2014,9446,3.11,2233,2764
"Wheat",183,2014,1097,4.97,738,790
"Wheat",184,2014,1295,1.14,1365,1094
"Wheat",186,2014,1209,3.65,174,326
"Wheat",192,2014,265,4.36,NULL,NULL
"Wheat",219,2014,311,3.49,NULL,NULL
"Wheat",220,2014,3572,3.73,595,861
"Wheat",234,2014,853,4.43,NULL,NULL
"Wheat",235,2014,1837,2.01,494,689
"Wheat",250,2014,160,3.38,NULL,NULL
"Wheat",258,2014,481,4.57,NULL,NULL
"Wheat",259,2014,2952,3.24,849,1051
"Wheat",260,2014,12,4.30,NULL,NULL
"Wheat",261,2014,442,4.36,NULL,NULL
"Wheat",262,2014,129,2.55,NULL,NULL
"Wheat",170,2014,NULL,NULL,NULL,NULL
"Wheat",1,2013,535,4.63,NULL,NULL
"Wheat",9,2013,227,6.68,NULL,NULL
"Wheat",10,2013,1029,4.16,5,NULL
"Wheat",36,2013,884,5.54,53,71
"Wheat",45,2013,1129,1.70,426,295
"Wheat",56,2013,135,4.30,NULL,NULL
"Wheat",75,2013,30,3.96,NULL,NULL
"Wheat",86,2013,587,4.03,NULL,NULL
"Wheat",108,2013,2819,5.52,384,366
"Wheat",109,2013,1531,4.50,428,301
"Wheat",111,2013,864,4.90,665,417
"Wheat",113,2013,29,3.49,NULL,NULL
"Wheat",122,2013,8739,2.55,4419,3180
"Wheat",124,2013,1245,5.04,NULL,NULL
"Wheat",137,2013,402,3.89,NULL,NULL
"Wheat",148,2013,474,4.50,NULL,NULL
"Wheat",153,2013,1204,5.04,626,415
"Wheat",154,2013,1827,3.81,864,844
"Wheat",155,2013,607,3.89,NULL,NULL
"Wheat",156,2013,1528,3.83,300,251
"Wheat",159,2013,5488,2.62,995,1043
"Wheat",164,2013,1086,2.35,569,375
"Wheat",168,2013,35,5.84,NULL,NULL
"Wheat",171,2013,42,3.63,NULL,NULL
"Wheat",172,2013,119,2.95,NULL,NULL
"Wheat",173,2013,212,4.57,NULL,NULL
"Wheat",178,2013,1435,3.83,110,152
"Wheat",179,2013,7439,3.05,2269,2233
"Wheat",183,2013,1219,4.70,968,738
"Wheat",184,2013,2868,2.08,1838,1365
"Wheat",186,2013,1467,4.17,294,174
"Wheat",192,2013,286,4.57,NULL,NULL
"Wheat",219,2013,389,3.63,NULL,NULL
"Wheat",220,2013,2110,2.83,877,595
"Wheat",234,2013,1111,4.77,NULL,NULL
"Wheat",235,2013,1854,1.94,814,494
"Wheat",250,2013,149,2.97,NULL,NULL
"Wheat",258,2013,489,4.16,NULL,NULL
"Wheat",259,2013,3961,4.49,900,849
"Wheat",260,2013,9,3.49,NULL,NULL
"Wheat",261,2013,418,3.89,NULL,NULL
"Wheat",262,2013,78,1.61,NULL,NULL
"Wheat",170,2013,NULL,NULL,NULL,NULL
"Wheat",1,2012,297,3.96,NULL,NULL
"Wheat",9,2012,281,6.33,NULL,NULL
"Wheat",10,2012,666,3.69,39,5
"Wheat",36,2012,1051,6.11,68,53
"Wheat",45,2012,1885,2.10,459,426
"Wheat",56,2012,153,4.97,NULL,NULL
"Wheat",75,2012,17,2.82,NULL,NULL
"Wheat",86,2012,313,3.36,NULL,NULL
"Wheat",108,2012,2646,5.25,411,384
"Wheat",109,2012,1114,4.30,995,428
"Wheat",111,2012,519,4.50,881,665
"Wheat",113,2012,17,3.36,NULL,NULL
"Wheat",122,2012,10402,2.82,3843,4419
"Wheat",124,2012,754,4.23,NULL,NULL
"Wheat",137,2012,366,3.29,NULL,NULL
"Wheat",148,2012,388,4.57,NULL,NULL
"Wheat",153,2012,1106,5.10,676,626
"Wheat",154,2012,2080,3.83,687,864
"Wheat",155,2012,496,3.83,NULL,NULL
"Wheat",156,2012,1073,3.89,316,300
"Wheat",159,2012,5323,2.33,1235,995
"Wheat",164,2012,1450,2.75,562,569
"Wheat",168,2012,31,5.23,NULL,NULL
"Wheat",171,2012,35,3.76,NULL,NULL
"Wheat",172,2012,77,1.81,NULL,NULL
"Wheat",173,2012,145,4.23,NULL,NULL
"Wheat",178,2012,1148,3.83,121,110
"Wheat",179,2012,9256,2.94,1881,2269
"Wheat",183,2012,832,4.57,1332,968
"Wheat",184,2012,4213,2.42,1586,1838
"Wheat",186,2012,1567,4.41,372,294
"Wheat",192,2012,238,4.36,NULL,NULL
"Wheat",219,2012,317,3.56,NULL,NULL
"Wheat",220,2012,2776,3.08,642,877
"Wheat",234,2012,565,4.23,NULL,NULL
"Wheat",235,2012,2604,2.21,785,814
"Wheat",250,2012,153,3.11,NULL,NULL
"Wheat",258,2012,418,4.30,NULL,NULL
"Wheat",259,2012,3922,4.47,1040,900
"Wheat",260,2012,7,4.36,NULL,NULL
"Wheat",261,2012,500,5.04,NULL,NULL
"Wheat",262,2012,81,1.74,NULL,NULL
"Wheat",170,2012,NULL,NULL,NULL,NULL
"Wheat",1,2011,377,4.90,NULL,NULL
"Wheat",9,2011,207,6.65,NULL,NULL
"Wheat",10,2011,820,3.89,NULL,39
"Wheat",36,2011,1320,6.15,NULL,68
"Wheat",45,2011,2118,2.56,498,459
"Wheat",56,2011,140,4.63,NULL,NULL
"Wheat",75,2011,10,3.09,NULL,NULL
"Wheat",86,2011,304,3.76,NULL,NULL
"Wheat",108,2011,3200,5.60,490,411
"Wheat",109,2011,1278,4.10,970,995
"Wheat",111,2011,683,4.16,686,881
"Wheat",113,2011,19,3.02,NULL,NULL
"Wheat",122,2011,7573,2.35,4903,3843
"Wheat",124,2011,838,4.70,NULL,NULL
"Wheat",137,2011,411,4.23,NULL,NULL
"Wheat",148,2011,328,4.50,NULL,NULL
"Wheat",153,2011,1377,5.04,576,676
"Wheat",154,2011,1910,3.09,798,687
"Wheat",155,2011,540,4.30,NULL,NULL
"Wheat",156,2011,939,3.36,421,316
"Wheat",159,2011,4762,2.36,1355,1235
"Wheat",164,2011,1812,3.02,958,562
"Wheat",168,2011,36,7.41,NULL,NULL
"Wheat",171,2011,41,3.29,NULL,NULL
"Wheat",172,2011,51,1.41,NULL,NULL
"Wheat",173,2011,139,3.69,NULL,NULL
"Wheat",178,2011,1091,4.57,58,121
"Wheat",179,2011,5439,2.03,2445,1881
"Wheat",183,2011,1318,3.83,1341,1332
"Wheat",184,2011,2003,1.54,1676,1586
"Wheat",186,2011,2051,5.10,408,372
"Wheat",192,2011,235,3.42,NULL,NULL
"Wheat",219,2011,293,4.03,NULL,NULL
"Wheat",220,2011,2826,2.50,662,642
"Wheat",234,2011,564,4.57,NULL,NULL
"Wheat",235,2011,1292,1.68,1415,785
"Wheat",250,2011,193,3.32,NULL,NULL
"Wheat",258,2011,463,4.77,NULL,NULL
"Wheat",259,2011,4505,4.76,1281,1040
"Wheat",260,2011,9,3.96,NULL,NULL
"Wheat",261,2011,592,4.36,NULL,NULL
"Wheat",262,2011,120,2.28,NULL,NULL
"Wheat",170,2011,NULL,NULL,NULL,NULL
"Wheat",1,2010,119,3.69,NULL,NULL
"Wheat",9,2010,214,7.47,NULL,NULL
"Wheat",10,2010,198,3.63,NULL,NULL
"Wheat",36,2010,988,5.74,145,NULL
"Wheat",45,2010,2813,2.92,506,498
"Wheat",56,2010,74,3.89,NULL,NULL
"Wheat",75,2010,7,2.75,NULL,NULL
"Wheat",86,2010,111,2.68,NULL,NULL
"Wheat",108,2010,2935,5.40,524,490
"Wheat",109,2010,418,3.83,1310,970
"Wheat",111,2010,383,4.03,773,686
"Wheat",113,2010,12,3.09,NULL,NULL
"Wheat",122,2010,9798,3.02,4319,4903
"Wheat",124,2010,350,4.43,NULL,NULL
"Wheat",137,2010,145,3.42,NULL,NULL
"Wheat",148,2010,212,4.03,NULL,NULL
"Wheat",153,2010,943,4.70,550,576
"Wheat",154,2010,2390,3.67,1344,798
"Wheat",155,2010,115,3.15,NULL,NULL
"Wheat",156,2010,325,3.09,492,421
"Wheat",159,2010,5829,2.80,1479,1355
"Wheat",164,2010,1743,2.89,997,958
"Wheat",168,2010,16,6.90,NULL,NULL
"Wheat",171,2010,26,3.29,NULL,NULL
"Wheat",172,2010,221,1.88,NULL,NULL
"Wheat",173,2010,173,4.50,NULL,NULL
"Wheat",178,2010,341,2.55,167,58
"Wheat",179,2010,9706,2.89,3367,2445
"Wheat",183,2010,1162,4.10,1465,1341
"Wheat",184,2010,3248,2.08,1612,1676
"Wheat",186,2010,1669,4.52,395,408
"Wheat",192,2010,208,3.96,NULL,NULL
"Wheat",219,2010,117,2.42,NULL,NULL
"Wheat",220,2010,3337,3.04,1087,662
"Wheat",234,2010,223,3.56,NULL,NULL
"Wheat",235,2010,3368,2.21,1419,1415
"Wheat",250,2010,173,3.27,NULL,NULL
"Wheat",258,2010,208,3.42,NULL,NULL
"Wheat",259,2010,4015,4.36,1224,1281
"Wheat",260,2010,7,3.63,NULL,NULL
"Wheat",261,2010,400,4.30,NULL,NULL
"Wheat",262,2010,113,2.15,NULL,NULL
"Wheat",170,2010,NULL,NULL,NULL,NULL
"Wheat",1,2009,235,3.63,NULL,NULL
"Wheat",9,2009,321,6.68,NULL,NULL
"Wheat",10,2009,449,2.95,161,NULL
"Wheat",36,2009,1124,5.66,158,145
"Wheat",45,2009,2760,2.72,259,506
"Wheat",56,2009,104,4.10,NULL,NULL
"Wheat",75,2009,16,2.95,NULL,NULL
"Wheat",86,2009,280,2.82,NULL,NULL
"Wheat",108,2009,2740,5.33,504,524
"Wheat",109,2009,1249,3.76,952,1310
"Wheat",111,2009,820,4.50,488,773
"Wheat",113,2009,26,3.02,NULL,NULL
"Wheat",122,2009,10231,2.82,2211,4319
"Wheat",124,2009,566,3.83,NULL,NULL
"Wheat",137,2009,259,3.76,NULL,NULL
"Wheat",148,2009,272,3.96,NULL,NULL
"Wheat",153,2009,1073,4.57,477,550
"Wheat",154,2009,2278,3.54,781,1344
"Wheat",155,2009,204,3.36,NULL,NULL
"Wheat",156,2009,914,3.15,422,492
"Wheat",159,2009,4766,2.23,1098,1479
"Wheat",164,2009,2103,3.22,466,997
"Wheat",168,2009,23,6.45,NULL,NULL
"Wheat",171,2009,40,3.42,NULL,NULL
"Wheat",172,2009,81,1.34,NULL,NULL
"Wheat",173,2009,176,4.36,NULL,NULL
"Wheat",178,2009,766,3.29,140,167
"Wheat",179,2009,10266,3.01,1992,3367
"Wheat",183,2009,1835,4.77,1296,1465
"Wheat",184,2009,2035,1.47,1363,1612
"Wheat",186,2009,1390,3.74,354,395
"Wheat",192,2009,228,3.76,NULL,NULL
"Wheat",219,2009,204,3.15,NULL,NULL
"Wheat",220,2009,3528,2.85,817,1087
"Wheat",234,2009,442,3.36,NULL,NULL
"Wheat",235,2009,1667,1.68,744,1419
"Wheat",250,2009,198,3.32,NULL,NULL
"Wheat",258,2009,347,3.89,NULL,NULL
"Wheat",259,2009,3368,3.67,918,1224
"Wheat",260,2009,6,3.36,NULL,NULL
"Wheat",261,2009,583,4.57,NULL,NULL
"Wheat",262,2009,129,2.55,NULL,NULL
"Wheat",170,2009,NULL,NULL,NULL,NULL
"Wheat",1,2008,405,4.77,NULL,NULL
"Wheat",9,2008,412,6.58,NULL,NULL
"Wheat",10,2008,1524,3.76,NULL,161
"Wheat",36,2008,1328,6.02,65,158
"Wheat",45,2008,1676,2.13,185,259
"Wheat",56,2008,165,5.17,NULL,NULL
"Wheat",75,2008,33,3.63,NULL,NULL
"Wheat",86,2008,613,3.69,NULL,NULL
"Wheat",108,2008,2712,4.96,225,504
"Wheat",109,2008,2003,4.30,172,952
"Wheat",111,2008,1070,4.63,234,488
"Wheat",113,2008,39,3.22,NULL,NULL
"Wheat",122,2008,9798,2.68,1100,2211
"Wheat",124,2008,850,4.77,NULL,NULL
"Wheat",137,2008,597,3.83,NULL,NULL
"Wheat",148,2008,357,4.90,NULL,NULL
"Wheat",153,2008,1314,4.57,210,477
"Wheat",154,2008,2842,3.75,295,781
"Wheat",155,2008,843,4.16,NULL,NULL
"Wheat",156,2008,1554,3.22,242,422
"Wheat",159,2008,4488,2.02,514,1098
"Wheat",164,2008,2000,2.95,269,466
"Wheat",168,2008,30,6.76,NULL,NULL
"Wheat",171,2008,61,4.10,NULL,NULL
"Wheat",172,2008,118,2.08,NULL,NULL
"Wheat",173,2008,222,4.23,NULL,NULL
"Wheat",178,2008,1208,4.03,41,140
"Wheat",179,2008,8367,2.40,779,1992
"Wheat",183,2008,1987,4.50,NULL,1296
"Wheat",184,2008,4632,2.48,684,1363
"Wheat",186,2008,1388,3.69,185,354
"Wheat",192,2008,322,4.30,NULL,NULL
"Wheat",219,2008,316,3.63,NULL,NULL
"Wheat",220,2008,4696,3.39,192,817
"Wheat",234,2008,908,4.23,NULL,NULL
"Wheat",235,2008,2694,2.01,704,744
"Wheat",250,2008,156,2.78,NULL,NULL
"Wheat",258,2008,560,4.77,NULL,NULL
"Wheat",259,2008,3309,3.54,631,918
"Wheat",260,2008,13,4.03,NULL,NULL
"Wheat",261,2008,626,4.33,NULL,NULL
"Wheat",262,2008,112,2.04,NULL,NULL
"Wheat",1,2007,86,2.82,NULL,NULL
"Wheat",9,2007,237,6.81,NULL,NULL
"Wheat",10,2007,781,2.75,NULL,NULL
"Wheat",36,2007,801,5.74,94,65
"Wheat",45,2007,2530,2.63,270,185
"Wheat",56,2007,101,4.57,NULL,NULL
"Wheat",75,2007,13,3.69,NULL,NULL
"Wheat",86,2007,250,2.68,NULL,NULL
"Wheat",108,2007,2276,4.78,259,225
"Wheat",109,2007,1332,3.69,405,172
"Wheat",111,2007,563,3.76,374,234
"Wheat",113,2007,36,3.22,NULL,NULL
"Wheat",122,2007,7724,2.21,1468,1100
"Wheat",124,2007,326,3.22,NULL,NULL
"Wheat",137,2007,323,3.63,NULL,NULL
"Wheat",148,2007,287,4.43,NULL,NULL
"Wheat",153,2007,937,4.36,341,210
"Wheat",154,2007,2229,3.22,440,295
"Wheat",155,2007,502,3.76,NULL,NULL
"Wheat",156,2007,1029,2.89,350,242
"Wheat",159,2007,4077,1.98,829,514
"Wheat",164,2007,2293,2.89,369,269
"Wheat",168,2007,35,6.66,NULL,NULL
"Wheat",171,2007,38,3.42,NULL,NULL
"Wheat",172,2007,228,1.88,NULL,NULL
"Wheat",173,2007,122,3.56,NULL,NULL
"Wheat",178,2007,544,2.68,38,41
"Wheat",179,2007,8134,2.39,1641,779
"Wheat",183,2007,1212,4.10,926,NULL
"Wheat",184,2007,2667,1.88,604,684
"Wheat",186,2007,1188,3.51,252,185
"Wheat",192,2007,244,3.89,NULL,NULL
"Wheat",219,2007,110,2.01,NULL,NULL
"Wheat",220,2007,3906,2.89,451,192
"Wheat",234,2007,290,2.75,NULL,NULL
"Wheat",235,2007,3826,2.48,628,704
"Wheat",250,2007,153,2.87,NULL,NULL
"Wheat",258,2007,357,4.30,NULL,NULL
"Wheat",259,2007,3411,3.94,707,631
"Wheat",260,2007,9,3.83,NULL,NULL
"Wheat",261,2007,507,4.51,NULL,NULL
"Wheat",262,2007,89,1.70,NULL,NULL
"Wheat",1,2006,69,3.83,NULL,NULL
"Wheat",9,2006,206,6.70,NULL,NULL
"Wheat",10,2006,506,4.10,7,NULL
"Wheat",36,2006,569,4.47,123,94
"Wheat",45,2006,1129,1.45,276,270
"Wheat",56,2006,82,4.50,NULL,NULL
"Wheat",75,2006,5,2.82,NULL,NULL
"Wheat",86,2006,160,3.29,NULL,NULL
"Wheat",108,2006,2458,5.08,443,259
"Wheat",109,2006,1659,4.50,287,405
"Wheat",111,2006,851,4.57,300,374
"Wheat",113,2006,32,4.43,NULL,NULL
"Wheat",122,2006,7925,2.15,1963,1468
"Wheat",124,2006,618,4.77,NULL,NULL
"Wheat",137,2006,151,3.56,NULL,NULL
"Wheat",148,2006,227,4.50,NULL,NULL
"Wheat",153,2006,1291,4.90,303,341
"Wheat",154,2006,2186,3.18,639,440
"Wheat",155,2006,117,3.96,NULL,NULL
"Wheat",156,2006,1337,3.63,296,350
"Wheat",159,2006,4166,1.97,1063,829
"Wheat",164,2006,1665,2.42,448,369
"Wheat",168,2006,28,7.09,NULL,NULL
"Wheat",171,2006,35,4.03,NULL,NULL
"Wheat",172,2006,111,2.28,NULL,NULL
"Wheat",173,2006,157,4.10,NULL,NULL
"Wheat",178,2006,674,3.96,98,38
"Wheat",179,2006,6847,2.03,2011,1641
"Wheat",183,2006,1776,4.57,1140,926
"Wheat",184,2006,2221,1.61,751,604
"Wheat",186,2006,1175,3.47,433,252
"Wheat",192,2006,240,3.96,NULL,NULL
"Wheat",219,2006,167,3.36,NULL,NULL
"Wheat",220,2006,2288,2.19,652,451
"Wheat",234,2006,330,4.30,NULL,NULL
"Wheat",235,2006,914,1.61,1101,628
"Wheat",250,2006,166,3.02,NULL,NULL
"Wheat",258,2006,286,4.57,NULL,NULL
"Wheat",259,2006,3762,4.17,1313,707
"Wheat",260,2006,9,4.10,NULL,NULL
"Wheat",261,2006,497,5.12,NULL,NULL
"Wheat",262,2006,105,1.84,NULL,NULL
"Wheat",1,2005,61,3.36,NULL,NULL
"Wheat",9,2005,219,6.68,NULL,NULL
"Wheat",10,2005,226,3.49,NULL,7
"Wheat",36,2005,766,5.12,175,123
"Wheat",45,2005,1470,1.64,319,276
"Wheat",56,2005,97,4.70,NULL,NULL
"Wheat",75,2005,9,3.02,NULL,NULL
"Wheat",86,2005,198,3.49,NULL,NULL
"Wheat",108,2005,2737,5.63,397,443
"Wheat",109,2005,996,4.10,246,287
"Wheat",111,2005,666,4.84,168,300
"Wheat",113,2005,20,3.36,NULL,NULL
"Wheat",122,2005,10342,2.68,1552,1963
"Wheat",124,2005,555,4.57,NULL,NULL
"Wheat",137,2005,130,3.22,NULL,NULL
"Wheat",148,2005,251,4.43,NULL,NULL
"Wheat",153,2005,1059,4.43,423,303
"Wheat",154,2005,1945,2.75,741,639
"Wheat",155,2005,88,3.36,NULL,NULL
"Wheat",156,2005,778,3.56,288,296
"Wheat",159,2005,5238,2.47,1397,1063
"Wheat",164,2005,1868,2.62,437,448
"Wheat",168,2005,21,6.76,NULL,NULL
"Wheat",171,2005,33,3.56,NULL,NULL
"Wheat",172,2005,279,2.55,NULL,NULL
"Wheat",173,2005,139,3.63,NULL,NULL
"Wheat",178,2005,674,3.83,77,98
"Wheat",179,2005,8260,2.30,2514,2011
"Wheat",183,2005,1603,4.77,813,1140
"Wheat",184,2005,3483,2.15,570,751
"Wheat",186,2005,1432,4.02,372,433
"Wheat",192,2005,213,3.63,NULL,NULL
"Wheat",219,2005,229,3.42,NULL,NULL
"Wheat",220,2005,3631,2.81,614,652
"Wheat",234,2005,228,3.76,NULL,NULL
"Wheat",235,2005,2612,2.15,695,1101
"Wheat",250,2005,193,3.22,NULL,NULL
"Wheat",258,2005,274,4.23,NULL,NULL
"Wheat",259,2005,3791,4.20,988,1313
"Wheat",260,2005,8,4.03,NULL,NULL
"Wheat",261,2005,279,3.79,NULL,NULL
"Wheat",262,2005,126,2.06,NULL,NULL
"Wheat",1,2004,78,3.22,NULL,NULL
"Wheat",9,2004,271,6.50,NULL,NULL
"Wheat",10,2004,894,3.56,NULL,NULL
"Wheat",36,2004,985,5.79,178,175
"Wheat",45,2004,1275,1.84,489,319
"Wheat",56,2004,74,3.89,NULL,NULL
"Wheat",75,2004,18,3.02,NULL,NULL
"Wheat",86,2004,232,3.02,NULL,NULL
"Wheat",108,2004,2768,5.74,371,397
"Wheat",109,2004,1445,3.96,145,246
"Wheat",111,2004,742,4.16,117,168
"Wheat",113,2004,35,3.69,NULL,NULL
"Wheat",122,2004,8560,2.48,2085,1552
"Wheat",124,2004,558,3.63,NULL,NULL
"Wheat",137,2004,224,3.36,NULL,NULL
"Wheat",148,2004,232,3.96,NULL,NULL
"Wheat",153,2004,1114,4.30,207,423
"Wheat",154,2004,2438,3.68,911,741
"Wheat",155,2004,194,3.56,NULL,NULL
"Wheat",156,2004,1316,3.49,246,288
"Wheat",159,2004,4713,2.31,1099,1397
"Wheat",164,2004,1661,2.48,526,437
"Wheat",168,2004,26,7.17,NULL,NULL
"Wheat",171,2004,30,3.15,NULL,NULL
"Wheat",172,2004,228,1.88,NULL,NULL
"Wheat",173,2004,144,3.56,NULL,NULL
"Wheat",178,2004,626,3.36,57,77
"Wheat",179,2004,8340,2.64,2280,2514
"Wheat",183,2004,1501,4.16,746,813
"Wheat",184,2004,4477,2.35,465,570
"Wheat",186,2004,1473,3.93,461,372
"Wheat",192,2004,180,3.29,NULL,NULL
"Wheat",219,2004,215,2.95,NULL,NULL
"Wheat",220,2004,3500,3.09,814,614
"Wheat",234,2004,373,3.29,NULL,NULL
"Wheat",235,2004,2953,2.08,1013,695
"Wheat",250,2004,159,2.98,NULL,NULL
"Wheat",258,2004,269,3.69,NULL,NULL
"Wheat",259,2004,3905,4.24,1334,988
"Wheat",260,2004,7,3.49,NULL,NULL
"Wheat",261,2004,349,3.73,NULL,NULL
"Wheat",262,2004,102,1.78,NULL,NULL
"Wheat",1,2003,83,2.75,NULL,NULL
"Wheat",9,2003,324,6.72,NULL,NULL
"Wheat",10,2003,775,3.36,NULL,NULL
"Wheat",36,2003,993,4.67,170,178
"Wheat",45,2003,2127,2.35,395,489
"Wheat",56,2003,52,2.75,NULL,NULL
"Wheat",75,2003,13,2.75,NULL,NULL
"Wheat",86,2003,287,3.09,NULL,NULL
"Wheat",108,2003,2304,5.03,452,371
"Wheat",109,2003,1433,4.36,124,145
"Wheat",111,2003,795,4.57,118,117
"Wheat",113,2003,34,4.10,NULL,NULL
"Wheat",122,2003,13064,3.22,1458,2085
"Wheat",124,2003,590,4.16,NULL,NULL
"Wheat",137,2003,156,2.75,NULL,NULL
"Wheat",148,2003,146,2.48,NULL,NULL
"Wheat",153,2003,1221,4.57,178,207
"Wheat",154,2003,2871,3.88,798,911
"Wheat",155,2003,166,3.29,NULL,NULL
"Wheat",156,2003,1444,4.10,197,246
"Wheat",159,2003,3873,1.84,1132,1099
"Wheat",164,2003,2278,3.09,455,526
"Wheat",168,2003,14,5.27,NULL,NULL
"Wheat",171,2003,29,2.82,NULL,NULL
"Wheat",172,2003,121,2.15,NULL,NULL
"Wheat",173,2003,173,3.56,NULL,NULL
"Wheat",178,2003,401,2.42,44,57
"Wheat",179,2003,8627,2.50,2245,2280
"Wheat",183,2003,1850,4.57,577,746
"Wheat",184,2003,4882,2.62,401,465
"Wheat",186,2003,1457,3.33,511,461
"Wheat",192,2003,193,2.89,NULL,NULL
"Wheat",219,2003,196,2.62,NULL,NULL
"Wheat",220,2003,3222,2.84,569,814
"Wheat",234,2003,367,3.36,NULL,NULL
"Wheat",235,2003,2629,1.88,909,1013
"Wheat",250,2003,154,2.78,NULL,NULL
"Wheat",258,2003,200,3.09,NULL,NULL
"Wheat",259,2003,3792,3.99,1375,1334
"Wheat",260,2003,7,2.75,NULL,NULL
"Wheat",261,2003,334,4.59,NULL,NULL
"Wheat",262,2003,111,1.82,NULL,NULL
"Wheat",1,2002,65,2.68,NULL,NULL
"Wheat",9,2002,257,6.41,NULL,NULL
"Wheat",10,2002,1039,3.09,NULL,NULL
"Wheat",36,2002,865,5.47,191,170
"Wheat",45,2002,1037,1.53,784,395
"Wheat",56,2002,100,4.70,NULL,NULL
"Wheat",75,2002,6,2.35,NULL,NULL
"Wheat",86,2002,217,2.82,NULL,NULL
"Wheat",108,2002,2134,4.83,601,452
"Wheat",109,2002,840,3.29,189,124
"Wheat",111,2002,447,3.56,245,118
"Wheat",113,2002,23,3.56,NULL,NULL
"Wheat",122,2002,7365,2.21,3310,1458
"Wheat",124,2002,467,3.49,NULL,NULL
"Wheat",137,2002,239,2.68,NULL,NULL
"Wheat",148,2002,305,4.43,NULL,NULL
"Wheat",153,2002,802,4.50,324,178
"Wheat",154,2002,1698,2.28,823,798
"Wheat",155,2002,195,2.68,NULL,NULL
"Wheat",156,2002,910,2.95,381,197
"Wheat",159,2002,3014,1.55,1560,1132
"Wheat",164,2002,1365,2.21,903,455
"Wheat",168,2002,11,5.48,NULL,NULL
"Wheat",171,2002,49,3.83,NULL,NULL
"Wheat",172,2002,106,1.74,NULL,NULL
"Wheat",173,2002,186,3.89,NULL,NULL
"Wheat",178,2002,491,2.82,41,44
"Wheat",179,2002,5881,1.83,3470,2245
"Wheat",183,2002,1366,4.16,820,577
"Wheat",184,2002,2819,1.88,1169,401
"Wheat",186,2002,939,2.76,456,511
"Wheat",192,2002,266,3.56,NULL,NULL
"Wheat",219,2002,171,2.48,NULL,NULL
"Wheat",220,2002,1204,1.77,1060,569
"Wheat",234,2002,383,3.15,NULL,NULL
"Wheat",235,2002,2131,1.94,2055,909
"Wheat",250,2002,97,2.19,NULL,NULL
"Wheat",258,2002,282,4.10,NULL,NULL
"Wheat",259,2002,3532,3.65,1272,1375
"Wheat",260,2002,9,3.22,NULL,NULL
"Wheat",261,2002,313,4.03,NULL,NULL
"Wheat",262,2002,67,1.29,NULL,NULL
"Wheat",1,2001,91,3.22,NULL,NULL
"Wheat",9,2001,231,6.15,NULL,NULL
"Wheat",10,2001,1372,3.49,NULL,NULL
"Wheat",36,2001,955,5.11,233,191
"Wheat",45,2001,1882,2.27,760,784
"Wheat",56,2001,94,4.10,NULL,NULL
"Wheat",75,2001,10,2.75,NULL,NULL
"Wheat",86,2001,288,3.56,NULL,NULL
"Wheat",108,2001,2198,4.76,455,601
"Wheat",109,2001,1195,4.10,623,189
"Wheat",111,2001,682,4.43,607,245
"Wheat",113,2001,26,3.63,NULL,NULL
"Wheat",122,2001,8927,2.68,4251,3310
"Wheat",124,2001,646,4.43,NULL,NULL
"Wheat",137,2001,217,3.36,NULL,NULL
"Wheat",148,2001,300,4.23,NULL,NULL
"Wheat",153,2001,888,4.30,358,324
"Wheat",154,2001,2168,2.95,997,823
"Wheat",155,2001,318,3.49,NULL,NULL
"Wheat",156,2001,1117,3.63,586,381
"Wheat",159,2001,2628,1.53,1399,1560
"Wheat",164,2001,1611,2.48,1024,903
"Wheat",168,2001,7,6.05,NULL,NULL
"Wheat",171,2001,33,3.02,NULL,NULL
"Wheat",172,2001,222,2.28,NULL,NULL
"Wheat",173,2001,173,3.56,NULL,NULL
"Wheat",178,2001,477,2.62,93,41
"Wheat",179,2001,7958,2.16,3252,3470
"Wheat",183,2001,1641,4.50,1274,820
"Wheat",184,2001,3323,2.21,1498,1169
"Wheat",186,2001,888,2.56,479,456
"Wheat",192,2001,226,3.49,NULL,NULL
"Wheat",219,2001,245,2.89,NULL,NULL
"Wheat",220,2001,2089,2.52,1003,1060
"Wheat",234,2001,499,3.63,NULL,NULL
"Wheat",235,2001,2961,2.28,1507,2055
"Wheat",250,2001,164,2.87,NULL,NULL
"Wheat",258,2001,277,4.03,NULL,NULL
"Wheat",259,2001,3575,3.75,1335,1272
"Wheat",260,2001,12,3.89,NULL,NULL
"Wheat",261,2001,291,4.30,NULL,NULL
"Wheat",262,2001,82,1.62,NULL,NULL
"Wheat",1,2000,132,3.63,NULL,NULL
"Wheat",9,2000,238,6.41,NULL,NULL
"Wheat",10,2000,1616,3.63,NULL,NULL
"Wheat",36,2000,1007,5.10,269,233
"Wheat",45,2000,1942,2.00,958,760
"Wheat",56,2000,113,4.43,NULL,NULL
"Wheat",75,2000,12,3.29,NULL,NULL
"Wheat",86,2000,293,3.63,NULL,NULL
"Wheat",108,2000,2902,5.60,694,455
"Wheat",109,2000,1427,3.83,655,623
"Wheat",111,2000,957,4.63,506,607
"Wheat",113,2000,23,3.15,NULL,NULL
"Wheat",122,2000,9466,2.48,4597,4251
"Wheat",124,2000,651,3.83,NULL,NULL
"Wheat",137,2000,266,3.56,NULL,NULL
"Wheat",148,2000,342,4.23,NULL,NULL
"Wheat",153,2000,979,4.84,402,358
"Wheat",154,2000,2627,3.29,1137,997
"Wheat",155,2000,351,3.69,NULL,NULL
"Wheat",156,2000,1344,3.49,555,586
"Wheat",159,2000,3680,1.84,1656,1399
"Wheat",164,2000,1616,2.42,1246,1024
"Wheat",168,2000,40,6.58,NULL,NULL
"Wheat",171,2000,54,3.83,NULL,NULL
"Wheat",172,2000,114,1.61,NULL,NULL
"Wheat",173,2000,201,3.56,NULL,NULL
"Wheat",178,2000,680,3.36,109,93
"Wheat",179,2000,8627,2.26,2966,3252
"Wheat",183,2000,2175,4.84,1240,1274
"Wheat",184,2000,3886,2.28,1658,1498
"Wheat",186,2000,1457,3.95,517,479
"Wheat",192,2000,281,3.56,NULL,NULL
"Wheat",219,2000,260,3.29,NULL,NULL
"Wheat",220,2000,3110,2.66,1092,1003
"Wheat",234,2000,568,3.69,NULL,NULL
"Wheat",235,2000,1796,2.01,1861,1507
"Wheat",250,2000,186,2.77,NULL,NULL
"Wheat",258,2000,351,4.23,NULL,NULL
"Wheat",259,2000,4487,4.57,1665,1335
"Wheat",260,2000,14,4.10,NULL,NULL
"Wheat",261,2000,237,4.10,NULL,NULL
"Wheat",262,2000,117,1.62,NULL,NULL
"Wheat",1,1999,117,3.22,NULL,NULL
"Wheat",9,1999,226,6.58,NULL,NULL
"Wheat",10,1999,1402,3.76,NULL,NULL
"Wheat",36,1999,1028,5.58,237,269
"Wheat",45,1999,2917,2.94,932,958
"Wheat",56,1999,108,3.83,NULL,NULL
"Wheat",75,1999,14,2.68,NULL,NULL
"Wheat",86,1999,263,2.89,NULL,NULL
"Wheat",108,1999,2844,5.20,540,694
"Wheat",109,1999,1649,4.03,581,655
"Wheat",111,1999,916,4.43,505,506
"Wheat",113,1999,36,2.89,NULL,NULL
"Wheat",122,1999,11769,3.15,4043,4597
"Wheat",124,1999,669,4.03,NULL,NULL
"Wheat",137,1999,134,3.15,NULL,NULL
"Wheat",148,1999,326,4.03,NULL,NULL
"Wheat",153,1999,1032,4.63,356,402
"Wheat",154,1999,2155,2.67,1099,1137
"Wheat",155,1999,224,3.36,NULL,NULL
"Wheat",156,1999,1201,3.22,749,555
"Wheat",159,1999,4200,1.94,1921,1656
"Wheat",164,1999,2221,3.22,1120,1246
"Wheat",168,1999,37,6.16,NULL,NULL
"Wheat",171,1999,50,3.76,NULL,NULL
"Wheat",172,1999,289,2.55,NULL,NULL
"Wheat",173,1999,221,4.36,NULL,NULL
"Wheat",178,1999,773,3.29,53,109
"Wheat",179,1999,6594,1.88,3483,2966
"Wheat",183,1999,1962,4.70,1167,1240
"Wheat",184,1999,4096,2.35,1762,1658
"Wheat",186,1999,943,2.97,507,517
"Wheat",192,1999,279,3.63,NULL,NULL
"Wheat",219,1999,257,2.89,NULL,NULL
"Wheat",220,1999,3282,2.68,1475,1092
"Wheat",234,1999,518,3.76,NULL,NULL
"Wheat",235,1999,3331,2.42,1643,1861
"Wheat",250,1999,243,3.53,NULL,NULL
"Wheat",258,1999,372,3.83,NULL,NULL
"Wheat",259,1999,3378,3.64,1563,1665
"Wheat",260,1999,10,3.83,NULL,NULL
"Wheat",261,1999,203,3.95,NULL,NULL
"Wheat",262,1999,173,2.21,NULL,NULL
"Wheat",1,1998,97,2.82,NULL,NULL
"Wheat",9,1998,431,7.00,NULL,NULL
"Wheat",10,1998,1249,3.42,39,NULL
"Wheat",36,1998,1049,4.67,208,237
"Wheat",45,1998,2816,2.66,686,932
"Wheat",56,1998,101,3.42,NULL,NULL
"Wheat",75,1998,15,2.89,NULL,NULL
"Wheat",86,1998,280,2.89,NULL,NULL
"Wheat",108,1998,2787,5.37,714,540
"Wheat",109,1998,1567,3.22,342,581
"Wheat",111,1998,973,3.69,174,505
"Wheat",113,1998,38,2.95,NULL,NULL
"Wheat",122,1998,13470,3.29,2909,4043
"Wheat",124,1998,673,3.02,NULL,NULL
"Wheat",137,1998,107,2.95,NULL,NULL
"Wheat",148,1998,292,3.36,NULL,NULL
"Wheat",153,1998,837,3.63,182,356
"Wheat",154,1998,2189,2.72,969,1099
"Wheat",155,1998,183,3.02,NULL,NULL
"Wheat",156,1998,1565,3.09,414,749
"Wheat",159,1998,4594,2.15,1823,1921
"Wheat",164,1998,2253,3.09,707,1120
"Wheat",168,1998,33,5.95,NULL,NULL
"Wheat",171,1998,62,3.49,NULL,NULL
"Wheat",172,1998,216,2.01,NULL,NULL
"Wheat",173,1998,191,3.63,NULL,NULL
"Wheat",178,1998,758,2.75,71,53
"Wheat",179,1998,8375,2.15,2915,3483
"Wheat",183,1998,2020,4.30,1007,1167
"Wheat",184,1998,5413,2.62,1062,1762
"Wheat",186,1998,1564,4.36,480,507
"Wheat",192,1998,263,3.42,NULL,NULL
"Wheat",219,1998,209,2.15,NULL,NULL
"Wheat",220,1998,3290,2.46,922,1475
"Wheat",234,1998,412,2.75,NULL,NULL
"Wheat",235,1998,3715,2.35,959,1643
"Wheat",250,1998,240,3.43,NULL,NULL
"Wheat",258,1998,300,3.02,NULL,NULL
"Wheat",259,1998,4284,4.12,1548,1563
"Wheat",260,1998,12,3.83,NULL,NULL
"Wheat",261,1998,207,3.61,NULL,NULL
"Wheat",262,1998,184,2.17,NULL,NULL
"Wheat",1,1997,102,2.82,NULL,NULL
"Wheat",9,1997,238,6.01,NULL,NULL
"Wheat",10,1997,1071,3.22,11,39
"Wheat",36,1997,1134,5.14,129,208
"Wheat",45,1997,2452,2.20,339,686
"Wheat",56,1997,145,4.90,NULL,NULL
"Wheat",75,1997,18,2.62,NULL,NULL
"Wheat",86,1997,419,2.95,NULL,NULL
"Wheat",108,1997,3098,5.35,448,714
"Wheat",109,1997,1809,4.10,176,342
"Wheat",111,1997,994,3.89,81,174
"Wheat",113,1997,28,2.82,NULL,NULL
"Wheat",122,1997,13647,3.09,920,2909
"Wheat",124,1997,617,3.63,NULL,NULL
"Wheat",137,1997,115,2.48,NULL,NULL
"Wheat",148,1997,388,4.57,NULL,NULL
"Wheat",153,1997,877,4.16,153,182
"Wheat",154,1997,2103,2.15,999,969
"Wheat",155,1997,204,2.89,NULL,NULL
"Wheat",156,1997,1587,3.63,188,414
"Wheat",159,1997,4941,2.09,1012,1823
"Wheat",164,1997,1913,2.48,402,707
"Wheat",168,1997,51,6.63,NULL,NULL
"Wheat",171,1997,62,4.03,NULL,NULL
"Wheat",172,1997,271,2.35,NULL,NULL
"Wheat",173,1997,198,3.76,NULL,NULL
"Wheat",178,1997,930,3.42,31,71
"Wheat",179,1997,7329,1.63,2827,2915
"Wheat",183,1997,1869,4.23,393,1007
"Wheat",184,1997,4616,2.15,336,1062
"Wheat",186,1997,1643,4.34,415,480
"Wheat",192,1997,247,3.49,NULL,NULL
"Wheat",219,1997,408,3.36,NULL,NULL
"Wheat",220,1997,2667,1.92,838,922
"Wheat",234,1997,440,3.02,NULL,NULL
"Wheat",235,1997,3236,1.94,451,959
"Wheat",250,1997,237,3.11,NULL,NULL
"Wheat",258,1997,474,4.50,NULL,NULL
"Wheat",259,1997,4494,4.30,1023,1548
"Wheat",260,1997,13,3.63,NULL,NULL
"Wheat",261,1997,232,3.77,NULL,NULL
"Wheat",262,1997,206,2.11,NULL,NULL
"Wheat",1,1996,95,2.95,NULL,NULL
"Wheat",9,1996,437,6.07,NULL,NULL
"Wheat",10,1996,1822,3.63,NULL,11
"Wheat",36,1996,1408,5.05,135,129
"Wheat",45,1996,2054,2.23,386,339
"Wheat",56,1996,112,3.56,NULL,NULL
"Wheat",75,1996,10,2.55,NULL,NULL
"Wheat",86,1996,431,3.22,NULL,NULL
"Wheat",108,1996,3244,5.13,293,448
"Wheat",109,1996,1137,2.55,131,176
"Wheat",111,1996,744,2.55,73,81
"Wheat",113,1996,38,2.35,NULL,NULL
"Wheat",122,1996,6946,1.94,1090,920
"Wheat",124,1996,764,3.56,NULL,NULL
"Wheat",137,1996,152,2.89,NULL,NULL
"Wheat",148,1996,321,3.49,NULL,NULL
"Wheat",153,1996,620,2.55,131,153
"Wheat",154,1996,2900,2.81,739,999
"Wheat",155,1996,306,3.29,NULL,NULL
"Wheat",156,1996,1326,2.62,245,188
"Wheat",159,1996,4762,1.84,748,1012
"Wheat",164,1996,2000,2.35,487,402
"Wheat",168,1996,44,5.83,NULL,NULL
"Wheat",171,1996,47,3.09,NULL,NULL
"Wheat",172,1996,110,2.48,NULL,NULL
"Wheat",173,1996,175,2.89,NULL,NULL
"Wheat",178,1996,706,2.95,43,31
"Wheat",179,1996,10754,2.12,1740,2827
"Wheat",183,1996,1411,2.62,242,393
"Wheat",184,1996,2534,1.27,334,336
"Wheat",186,1996,1771,4.75,443,415
"Wheat",192,1996,248,3.22,NULL,NULL
"Wheat",219,1996,330,3.02,NULL,NULL
"Wheat",220,1996,3790,2.42,306,838
"Wheat",234,1996,455,2.95,NULL,NULL
"Wheat",235,1996,2052,1.74,804,451
"Wheat",250,1996,202,2.70,NULL,NULL
"Wheat",258,1996,396,3.56,NULL,NULL
"Wheat",259,1996,4971,4.47,889,1023
"Wheat",260,1996,13,3.02,NULL,NULL
"Wheat",261,1996,161,2.85,NULL,NULL
"Wheat",262,1996,164,1.72,NULL,NULL
"Wheat",1,1995,78,2.42,NULL,NULL
"Wheat",9,1995,281,5.70,NULL,NULL
"Wheat",10,1995,1279,3.15,3,NULL
"Wheat",36,1995,890,4.46,111,135
"Wheat",45,1995,2864,2.58,434,386
"Wheat",56,1995,118,4.30,NULL,NULL
"Wheat",75,1995,10,2.15,NULL,NULL
"Wheat",86,1995,310,2.55,NULL,NULL
"Wheat",108,1995,2812,5.22,259,293
"Wheat",109,1995,1853,3.29,159,131
"Wheat",111,1995,1077,4.03,38,73
"Wheat",113,1995,33,2.35,NULL,NULL
"Wheat",122,1995,7784,1.74,1414,1090
"Wheat",124,1995,663,3.56,NULL,NULL
"Wheat",137,1995,78,2.42,NULL,NULL
"Wheat",148,1995,391,4.30,NULL,NULL
"Wheat",153,1995,1012,4.03,192,131
"Wheat",154,1995,1955,2.15,1135,739
"Wheat",155,1995,170,2.55,NULL,NULL
"Wheat",156,1995,1305,2.62,173,245
"Wheat",159,1995,5327,2.42,1374,748
"Wheat",164,1995,2343,2.75,587,487
"Wheat",168,1995,23,5.71,NULL,NULL
"Wheat",171,1995,49,3.83,NULL,NULL
"Wheat",172,1995,89,1.47,NULL,NULL
"Wheat",173,1995,187,3.69,NULL,NULL
"Wheat",178,1995,766,2.95,39,43
"Wheat",179,1995,8173,1.81,3252,1740
"Wheat",183,1995,2008,4.10,319,242
"Wheat",184,1995,2972,1.41,359,334
"Wheat",186,1995,1658,4.49,400,443
"Wheat",192,1995,276,3.69,NULL,NULL
"Wheat",219,1995,243,2.15,NULL,NULL
"Wheat",220,1995,2469,2.21,638,306
"Wheat",234,1995,434,3.15,NULL,NULL
"Wheat",235,1995,2057,1.81,916,804
"Wheat",250,1995,233,3.39,NULL,NULL
"Wheat",258,1995,479,4.30,NULL,NULL
"Wheat",259,1995,4185,3.98,953,889
"Wheat",260,1995,16,3.49,NULL,NULL
"Wheat",261,1995,219,3.79,NULL,NULL
"Wheat",262,1995,216,2.43,NULL,NULL
"Wheat",1,1994,124,3.22,NULL,NULL
"Wheat",9,1994,304,6.16,NULL,NULL
"Wheat",10,1994,1101,3.09,7,3
"Wheat",36,1994,1207,5.24,120,111
"Wheat",45,1994,2170,2.07,449,434
"Wheat",56,1994,102,3.63,NULL,NULL
"Wheat",75,1994,17,2.82,NULL,NULL
"Wheat",86,1994,555,3.42,NULL,NULL
"Wheat",108,1994,2729,4.77,444,259
"Wheat",109,1994,1371,3.76,249,159
"Wheat",111,1994,1045,4.10,56,38
"Wheat",113,1994,57,3.15,NULL,NULL
"Wheat",122,1994,11790,2.55,1641,1414
"Wheat",124,1994,685,4.03,NULL,NULL
"Wheat",137,1994,70,2.48,NULL,NULL
"Wheat",148,1994,329,3.69,NULL,NULL
"Wheat",153,1994,836,3.56,147,192
"Wheat",154,1994,1941,1.88,1331,1135
"Wheat",155,1994,174,2.68,NULL,NULL
"Wheat",156,1994,1371,3.02,349,173
"Wheat",159,1994,4643,2.13,1918,1374
"Wheat",164,1994,1943,2.28,787,587
"Wheat",168,1994,18,5.00,NULL,NULL
"Wheat",171,1994,36,2.82,NULL,NULL
"Wheat",172,1994,150,1.61,NULL,NULL
"Wheat",173,1994,165,3.56,NULL,NULL
"Wheat",178,1994,826,3.29,62,39
"Wheat",179,1994,9700,2.13,2675,3252
"Wheat",183,1994,1862,3.89,413,319
"Wheat",184,1994,3894,1.81,425,359
"Wheat",186,1994,1594,4.24,528,400
"Wheat",192,1994,215,3.22,NULL,NULL
"Wheat",219,1994,489,3.36,NULL,NULL
"Wheat",220,1994,2593,1.90,788,638
"Wheat",234,1994,408,3.36,NULL,NULL
"Wheat",235,1994,2052,1.74,975,916
"Wheat",250,1994,190,2.74,NULL,NULL
"Wheat",258,1994,381,3.76,NULL,NULL
"Wheat",259,1994,3647,3.54,1208,953
"Wheat",260,1994,14,3.69,NULL,NULL
"Wheat",261,1994,216,3.83,NULL,NULL
"Wheat",262,1994,136,1.68,NULL,NULL
"Wheat",1,1993,87,2.28,NULL,NULL
"Wheat",9,1993,212,6.15,NULL,NULL
"Wheat",10,1993,1132,2.68,2,7
"Wheat",36,1993,1151,5.26,108,120
"Wheat",45,1993,2639,2.52,413,449
"Wheat",56,1993,97,3.83,NULL,NULL
"Wheat",75,1993,22,2.21,NULL,NULL
"Wheat",86,1993,372,2.55,NULL,NULL
"Wheat",108,1993,3003,5.33,410,444
"Wheat",109,1993,1856,2.95,172,249
"Wheat",111,1993,948,3.49,46,56
"Wheat",113,1993,17,1.68,NULL,NULL
"Wheat",122,1993,10574,2.35,1497,1641
"Wheat",124,1993,546,3.29,NULL,NULL
"Wheat",137,1993,64,1.68,NULL,NULL
"Wheat",148,1993,293,3.63,NULL,NULL
"Wheat",153,1993,602,2.75,167,147
"Wheat",154,1993,1937,2.08,1141,1331
"Wheat",155,1993,188,2.21,NULL,NULL
"Wheat",156,1993,1448,2.55,190,349
"Wheat",159,1993,5616,2.63,1316,1918
"Wheat",164,1993,2000,2.35,686,787
"Wheat",168,1993,21,5.97,NULL,NULL
"Wheat",171,1993,38,2.89,NULL,NULL
"Wheat",172,1993,169,1.54,NULL,NULL
"Wheat",173,1993,106,3.09,NULL,NULL
"Wheat",178,1993,640,2.82,56,62
"Wheat",179,1993,9161,2.08,3293,2675
"Wheat",183,1993,1429,3.49,402,413
"Wheat",184,1993,4262,1.94,406,425
"Wheat",186,1993,1768,4.71,462,528
"Wheat",192,1993,202,3.02,NULL,NULL
"Wheat",219,1993,268,2.55,NULL,NULL
"Wheat",220,1993,3035,2.15,731,788
"Wheat",234,1993,379,2.75,NULL,NULL
"Wheat",235,1993,3222,2.15,911,975
"Wheat",250,1993,197,2.71,NULL,NULL
"Wheat",258,1993,367,3.56,NULL,NULL
"Wheat",259,1993,4833,4.27,1035,1208
"Wheat",260,1993,12,2.89,NULL,NULL
"Wheat",261,1993,126,2.50,NULL,NULL
"Wheat",262,1993,167,1.94,NULL,NULL
"Wheat",1,1992,113,2.95,NULL,NULL
"Wheat",9,1992,209,5.88,NULL,NULL
"Wheat",10,1992,1064,3.09,17,2
"Wheat",36,1992,1187,4.97,125,108
"Wheat",45,1992,2017,2.07,442,413
"Wheat",56,1992,110,3.89,NULL,NULL
"Wheat",75,1992,22,2.82,NULL,NULL
"Wheat",86,1992,438,3.09,NULL,NULL
"Wheat",108,1992,2724,4.67,293,410
"Wheat",109,1992,1690,3.63,177,172
"Wheat",111,1992,680,3.36,76,46
"Wheat",113,1992,42,2.62,NULL,NULL
"Wheat",122,1992,9902,2.28,1518,1497
"Wheat",124,1992,553,3.69,NULL,NULL
"Wheat",137,1992,166,2.42,NULL,NULL
"Wheat",148,1992,347,3.89,NULL,NULL
"Wheat",153,1992,960,3.76,111,167
"Wheat",154,1992,3806,3.35,857,1141
"Wheat",155,1992,285,2.82,NULL,NULL
"Wheat",156,1992,1763,3.22,288,190
"Wheat",159,1992,4059,2.02,995,1316
"Wheat",164,1992,1510,2.01,628,686
"Wheat",168,1992,21,5.37,NULL,NULL
"Wheat",171,1992,38,3.36,NULL,NULL
"Wheat",172,1992,305,2.28,NULL,NULL
"Wheat",173,1992,167,3.76,NULL,NULL
"Wheat",178,1992,755,3.36,62,56
"Wheat",179,1992,12871,2.76,2939,3293
"Wheat",183,1992,1608,3.56,296,402
"Wheat",184,1992,4576,1.91,304,406
"Wheat",186,1992,1301,3.47,436,462
"Wheat",192,1992,266,3.56,NULL,NULL
"Wheat",219,1992,351,3.15,NULL,NULL
"Wheat",220,1992,3255,2.15,526,731
"Wheat",234,1992,365,3.22,NULL,NULL
"Wheat",235,1992,3516,2.28,1048,911
"Wheat",250,1992,175,2.76,NULL,NULL
"Wheat",258,1992,411,3.83,NULL,NULL
"Wheat",259,1992,3256,3.32,895,1035
"Wheat",260,1992,14,3.29,NULL,NULL
"Wheat",261,1992,71,2.68,NULL,NULL
"Wheat",262,1992,152,1.75,NULL,NULL
"Wheat",1,1991,74,1.68,NULL,NULL
"Wheat",9,1991,183,6.67,NULL,NULL
"Wheat",10,1991,556,1.47,32,17
"Wheat",36,1991,984,5.49,262,125
"Wheat",45,1991,2014,2.13,705,442
"Wheat",56,1991,96,3.56,NULL,NULL
"Wheat",75,1991,15,1.54,NULL,NULL
"Wheat",86,1991,381,2.21,NULL,NULL
"Wheat",108,1991,2222,4.73,599,293
"Wheat",109,1991,1219,2.15,376,177
"Wheat",111,1991,783,2.68,211,76
"Wheat",113,1991,46,2.28,NULL,NULL
"Wheat",122,1991,9880,2.21,3455,1518
"Wheat",124,1991,293,1.81,NULL,NULL
"Wheat",137,1991,103,1.34,NULL,NULL
"Wheat",148,1991,265,3.36,NULL,NULL
"Wheat",153,1991,655,2.89,240,111
"Wheat",154,1991,1826,2.09,2220,857
"Wheat",155,1991,122,1.21,NULL,NULL
"Wheat",156,1991,1306,2.15,506,288
"Wheat",159,1991,4450,2.45,1767,995
"Wheat",164,1991,1829,2.15,1010,628
"Wheat",168,1991,17,5.54,NULL,NULL
"Wheat",171,1991,32,3.09,NULL,NULL
"Wheat",172,1991,217,1.68,NULL,NULL
"Wheat",173,1991,146,3.29,NULL,NULL
"Wheat",178,1991,522,2.68,68,62
"Wheat",179,1991,8265,2.08,4817,2939
"Wheat",183,1991,1440,3.29,705,296
"Wheat",184,1991,3674,1.81,558,304
"Wheat",186,1991,1194,3.48,572,436
"Wheat",192,1991,209,2.95,NULL,NULL
"Wheat",219,1991,232,2.08,NULL,NULL
"Wheat",220,1991,2617,2.07,1201,526
"Wheat",234,1991,209,1.61,NULL,NULL
"Wheat",235,1991,2286,2.01,1138,1048
"Wheat",250,1991,158,2.55,NULL,NULL
"Wheat",258,1991,333,3.29,NULL,NULL
"Wheat",259,1991,2683,3.08,1425,895
"Wheat",260,1991,12,3.02,NULL,NULL
"Wheat",261,1991,166,3.24,NULL,NULL
"Wheat",262,1991,161,1.94,NULL,NULL
"Wheat",1,1990,181,2.35,NULL,NULL
"Wheat",9,1990,252,6.35,NULL,NULL
"Wheat",10,1990,1333,2.35,3,32
"Wheat",36,1990,1310,5.23,126,262
"Wheat",45,1990,2366,2.25,544,705
"Wheat",56,1990,83,3.42,NULL,NULL
"Wheat",75,1990,49,2.21,NULL,NULL
"Wheat",86,1990,562,2.35,NULL,NULL
"Wheat",108,1990,2710,4.88,659,599
"Wheat",109,1990,2416,3.22,141,376
"Wheat",111,1990,1372,3.49,59,211
"Wheat",113,1990,91,3.02,NULL,NULL
"Wheat",122,1990,12847,2.68,1391,3455
"Wheat",124,1990,544,2.68,NULL,NULL
"Wheat",137,1990,350,2.21,NULL,NULL
"Wheat",148,1990,268,3.49,NULL,NULL
"Wheat",153,1990,1122,3.69,125,240
"Wheat",154,1990,3772,3.25,981,2220
"Wheat",155,1990,424,2.01,NULL,NULL
"Wheat",156,1990,2068,2.55,136,506
"Wheat",159,1990,3970,1.88,1555,1767
"Wheat",164,1990,2327,2.55,713,1010
"Wheat",168,1990,26,4.70,NULL,NULL
"Wheat",171,1990,33,2.89,NULL,NULL
"Wheat",172,1990,220,1.81,NULL,NULL
"Wheat",173,1990,193,3.29,NULL,NULL
"Wheat",178,1990,613,2.75,40,68
"Wheat",179,1990,10485,2.37,2857,4817
"Wheat",183,1990,2074,4.03,208,705
"Wheat",184,1990,5400,2.15,455,558
"Wheat",186,1990,1568,4.00,636,572
"Wheat",192,1990,285,3.36,NULL,NULL
"Wheat",219,1990,393,2.55,NULL,NULL
"Wheat",220,1990,3484,2.27,702,1201
"Wheat",234,1990,480,2.42,NULL,NULL
"Wheat",235,1990,3543,2.08,1011,1138
"Wheat",250,1990,195,2.73,NULL,NULL
"Wheat",258,1990,332,3.15,NULL,NULL
"Wheat",259,1990,4084,4.06,1376,1425
"Wheat",260,1990,15,3.09,NULL,NULL
"Wheat",261,1990,274,3.52,NULL,NULL
"Wheat",262,1990,166,1.94,NULL,NULL
"Wheat",1,1989,179,2.01,NULL,NULL
"Wheat",9,1989,291,6.11,NULL,NULL
"Wheat",10,1989,1437,2.95,NULL,3
"Wheat",36,1989,1431,5.23,134,126
"Wheat",45,1989,1690,1.84,859,544
"Wheat",56,1989,84,2.82,NULL,NULL
"Wheat",75,1989,51,1.94,NULL,NULL
"Wheat",86,1989,609,2.15,24,NULL
"Wheat",108,1989,2488,4.48,592,659
"Wheat",109,1989,2858,3.96,161,141
"Wheat",111,1989,1413,3.96,42,59
"Wheat",113,1989,89,3.15,NULL,NULL
"Wheat",122,1989,5813,1.61,2258,1391
"Wheat",124,1989,612,3.36,NULL,NULL
"Wheat",137,1989,295,2.08,NULL,NULL
"Wheat",148,1989,234,2.68,NULL,NULL
"Wheat",153,1989,923,3.56,143,125
"Wheat",154,1989,2789,2.55,1884,981
"Wheat",155,1989,416,2.28,NULL,NULL
"Wheat",156,1989,2366,3.15,205,136
"Wheat",159,1989,3947,1.86,1390,1555
"Wheat",164,1989,1506,1.81,1052,713
"Wheat",168,1989,32,5.37,NULL,NULL
"Wheat",171,1989,37,2.62,NULL,NULL
"Wheat",172,1989,108,1.34,NULL,NULL
"Wheat",173,1989,159,3.02,NULL,NULL
"Wheat",178,1989,583,2.28,NULL,40
"Wheat",179,1989,6595,1.57,3674,2857
"Wheat",183,1989,1707,3.42,213,208
"Wheat",184,1989,4188,1.81,735,455
"Wheat",186,1989,1465,3.93,653,636
"Wheat",192,1989,216,2.48,NULL,NULL
"Wheat",219,1989,485,2.75,NULL,NULL
"Wheat",220,1989,2261,1.58,1007,702
"Wheat",234,1989,514,2.82,NULL,NULL
"Wheat",235,1989,1633,1.34,1592,1011
"Wheat",250,1989,161,2.25,NULL,NULL
"Wheat",258,1989,344,3.09,NULL,NULL
"Wheat",259,1989,3010,3.27,1366,1376
"Wheat",260,1989,14,2.89,NULL,NULL
"Wheat",261,1989,253,3.48,NULL,NULL
"Wheat",262,1989,128,1.55,NULL,NULL
"Wheat",170,1989,NULL,NULL,NULL,NULL
"Wheat",1,1988,234,2.89,NULL,NULL
"Wheat",9,1988,210,6.11,NULL,NULL
"Wheat",10,1988,1543,3.56,NULL,NULL
"Wheat",36,1988,1259,5.66,309,134
"Wheat",45,1988,2164,2.27,1265,859
"Wheat",56,1988,89,3.49,NULL,NULL
"Wheat",75,1988,68,2.42,NULL,NULL
"Wheat",86,1988,585,2.89,31,24
"Wheat",108,1988,2055,4.41,1119,592
"Wheat",109,1988,1837,3.63,339,161
"Wheat",111,1988,952,3.36,183,42
"Wheat",113,1988,33,2.35,NULL,NULL
"Wheat",122,1988,8791,2.28,4082,2258
"Wheat",124,1988,558,3.63,NULL,NULL
"Wheat",137,1988,301,2.75,NULL,NULL
"Wheat",148,1988,245,3.56,NULL,NULL
"Wheat",153,1988,708,2.82,171,143
"Wheat",154,1988,1408,1.54,3472,1884
"Wheat",155,1988,563,3.09,NULL,NULL
"Wheat",156,1988,2067,3.29,509,205
"Wheat",159,1988,1632,1.05,2422,1390
"Wheat",164,1988,1959,2.42,1818,1052
"Wheat",168,1988,36,4.73,NULL,NULL
"Wheat",171,1988,37,3.02,NULL,NULL
"Wheat",172,1988,189,1.61,NULL,NULL
"Wheat",173,1988,134,3.69,NULL,NULL
"Wheat",178,1988,653,3.36,NULL,NULL
"Wheat",179,1988,2814,0.96,6477,3674
"Wheat",183,1988,1252,3.36,484,213
"Wheat",184,1988,4703,2.42,1299,735
"Wheat",186,1988,1409,4.61,1177,653
"Wheat",192,1988,245,3.56,NULL,NULL
"Wheat",219,1988,381,3.09,NULL,NULL
"Wheat",220,1988,1034,0.96,2019,1007
"Wheat",234,1988,585,3.36,NULL,NULL
"Wheat",235,1988,2438,1.88,2673,1592
"Wheat",250,1988,184,2.56,NULL,NULL
"Wheat",258,1988,283,3.49,NULL,NULL
"Wheat",259,1988,3391,4.06,2513,1366
"Wheat",260,1988,11,3.09,NULL,NULL
"Wheat",261,1988,140,2.60,NULL,NULL
"Wheat",262,1988,127,1.51,NULL,NULL
"Wheat",1,1987,143,2.08,NULL,NULL
"Wheat",9,1987,217,6.04,NULL,NULL
"Wheat",10,1987,937,2.75,NULL,NULL
"Wheat",36,1987,1194,5.20,446,309
"Wheat",45,1987,2650,2.56,1727,1265
"Wheat",56,1987,54,2.82,NULL,NULL
"Wheat",75,1987,39,1.94,NULL,NULL
"Wheat",86,1987,388,2.08,66,31
"Wheat",108,1987,2327,5.04,1353,1119
"Wheat",109,1987,1525,3.96,280,339
"Wheat",111,1987,947,3.89,164,183
"Wheat",113,1987,31,2.55,NULL,NULL
"Wheat",122,1987,9970,2.48,9009,4082
"Wheat",124,1987,440,3.29,NULL,NULL
"Wheat",137,1987,143,2.08,NULL,NULL
"Wheat",148,1987,206,3.29,NULL,NULL
"Wheat",153,1987,522,3.22,298,171
"Wheat",154,1987,2792,2.73,4707,3472
"Wheat",155,1987,342,2.42,NULL,NULL
"Wheat",156,1987,964,3.09,697,509
"Wheat",159,1987,4115,2.16,2754,2422
"Wheat",164,1987,2335,2.95,2673,1818
"Wheat",168,1987,45,5.37,NULL,NULL
"Wheat",171,1987,33,3.02,NULL,NULL
"Wheat",172,1987,278,2.15,NULL,NULL
"Wheat",173,1987,104,3.02,NULL,NULL
"Wheat",178,1987,491,2.75,NULL,NULL
"Wheat",179,1987,7324,1.98,7376,6477
"Wheat",183,1987,1341,3.89,326,484
"Wheat",184,1987,3527,1.81,3008,1299
"Wheat",186,1987,1440,4.39,1246,1177
"Wheat",192,1987,216,2.89,NULL,NULL
"Wheat",219,1987,284,2.55,NULL,NULL
"Wheat",220,1987,2904,2.03,2472,2019
"Wheat",234,1987,381,2.68,NULL,NULL
"Wheat",235,1987,2743,1.88,5258,2673
"Wheat",250,1987,243,3.02,NULL,NULL
"Wheat",258,1987,263,3.02,NULL,NULL
"Wheat",259,1987,3110,3.81,3171,2513
"Wheat",260,1987,13,3.02,NULL,NULL
"Wheat",261,1987,113,3.17,NULL,NULL
"Wheat",262,1987,214,2.05,NULL,NULL
"Wheat",1,1986,155,1.74,NULL,NULL
"Wheat",9,1986,236,6.08,NULL,NULL
"Wheat",10,1986,909,2.75,NULL,NULL
"Wheat",36,1986,1402,5.12,339,446
"Wheat",45,1986,2624,2.19,1717,1727
"Wheat",56,1986,41,3.02,NULL,NULL
"Wheat",75,1986,71,2.08,NULL,NULL
"Wheat",86,1986,419,1.88,54,66
"Wheat",108,1986,2225,4.19,1300,1353
"Wheat",109,1986,982,2.95,341,280
"Wheat",111,1986,819,2.89,171,164
"Wheat",113,1986,45,1.88,NULL,NULL
"Wheat",122,1986,9161,2.21,9880,9009
"Wheat",124,1986,242,2.21,NULL,NULL
"Wheat",137,1986,200,2.35,NULL,NULL
"Wheat",148,1986,185,3.15,NULL,NULL
"Wheat",153,1986,832,3.02,278,298
"Wheat",154,1986,2821,2.47,5104,4707
"Wheat",155,1986,168,2.08,NULL,NULL
"Wheat",156,1986,511,2.21,766,697
"Wheat",159,1986,3770,1.95,2206,2754
"Wheat",164,1986,2068,2.55,2590,2673
"Wheat",168,1986,46,5.25,NULL,NULL
"Wheat",171,1986,35,2.89,NULL,NULL
"Wheat",172,1986,275,1.47,NULL,NULL
"Wheat",173,1986,206,3.29,NULL,NULL
"Wheat",178,1986,413,2.21,NULL,NULL
"Wheat",179,1986,7956,2.09,8505,7376
"Wheat",183,1986,1314,3.09,378,326
"Wheat",184,1986,4104,1.94,3403,3008
"Wheat",186,1986,1589,3.83,1353,1246
"Wheat",192,1986,263,2.95,NULL,NULL
"Wheat",219,1986,204,1.68,NULL,NULL
"Wheat",220,1986,2957,1.90,2928,2472
"Wheat",234,1986,291,2.21,NULL,NULL
"Wheat",235,1986,3266,1.68,4976,5258
"Wheat",250,1986,265,2.54,NULL,NULL
"Wheat",258,1986,189,2.75,NULL,NULL
"Wheat",259,1986,3180,3.26,3475,3171
"Wheat",260,1986,10,2.95,NULL,NULL
"Wheat",261,1986,218,3.65,NULL,NULL
"Wheat",262,1986,213,2.05,NULL,NULL
"Wheat",1,1985,348,2.15,NULL,NULL
"Wheat",9,1985,266,5.88,21,NULL
"Wheat",10,1985,496,2.15,136,NULL
"Wheat",36,1985,1874,5.58,110,339
"Wheat",45,1985,3791,2.66,1459,1717
"Wheat",56,1985,56,3.22,1,NULL
"Wheat",75,1985,89,2.21,16,NULL
"Wheat",86,1985,696,2.08,39,54
"Wheat",108,1985,1960,3.59,919,1300
"Wheat",109,1985,1000,3.29,331,341
"Wheat",111,1985,1009,3.56,160,171
"Wheat",113,1985,146,3.22,NULL,NULL
"Wheat",122,1985,11790,2.55,6446,9880
"Wheat",124,1985,286,2.28,36,NULL
"Wheat",137,1985,194,2.28,184,NULL
"Wheat",148,1985,177,3.29,3,NULL
"Wheat",153,1985,1224,4.03,201,278
"Wheat",154,1985,3876,3.56,2724,5104
"Wheat",155,1985,253,2.08,11,NULL
"Wheat",156,1985,1358,2.62,539,766
"Wheat",159,1985,1367,0.85,2534,2206
"Wheat",164,1985,2441,2.62,1915,2590
"Wheat",168,1985,48,4.96,NULL,NULL
"Wheat",171,1985,52,3.49,1,NULL
"Wheat",172,1985,558,2.42,128,NULL
"Wheat",173,1985,228,3.89,289,NULL
"Wheat",178,1985,599,1.94,73,NULL
"Wheat",179,1985,8798,2.44,6729,8505
"Wheat",183,1985,1603,4.16,309,378
"Wheat",184,1985,4491,2.01,2642,3403
"Wheat",186,1985,1525,3.53,1122,1353
"Wheat",192,1985,274,3.22,55,NULL
"Wheat",219,1985,339,1.94,7,NULL
"Wheat",220,1985,3027,1.98,2891,2928
"Wheat",234,1985,217,2.15,90,NULL
"Wheat",235,1985,5095,2.15,2939,4976
"Wheat",250,1985,235,2.23,159,NULL
"Wheat",258,1985,287,2.48,37,NULL
"Wheat",259,1985,3490,3.20,2945,3475
"Wheat",260,1985,9,2.89,NULL,NULL
"Wheat",261,1985,239,3.77,434,NULL
"Wheat",262,1985,150,1.49,77,NULL
"Wheat",1,1984,403,2.62,NULL,NULL
"Wheat",9,1984,347,6.05,NULL,21
"Wheat",10,1984,1676,2.95,143,136
"Wheat",36,1984,1683,5.30,79,110
"Wheat",45,1984,3130,2.36,1705,1459
"Wheat",56,1984,54,2.75,NULL,1
"Wheat",86,1984,847,2.35,45,39
"Wheat",108,1984,2215,4.27,907,919
"Wheat",109,1984,1916,2.95,362,331
"Wheat",111,1984,1314,3.09,178,160
"Wheat",113,1984,97,2.42,NULL,NULL
"Wheat",122,1984,11736,2.58,7132,6446
"Wheat",124,1984,517,2.55,49,36
"Wheat",137,1984,357,2.75,NULL,184
"Wheat",148,1984,163,2.89,5,3
"Wheat",153,1984,1241,3.83,204,201
"Wheat",154,1984,3285,3.17,2042,2724
"Wheat",155,1984,682,2.55,13,11
"Wheat",156,1984,2287,2.75,580,539
"Wheat",159,1984,2848,1.51,2548,2534
"Wheat",164,1984,2204,2.42,2207,1915
"Wheat",168,1984,50,5.15,NULL,NULL
"Wheat",171,1984,45,2.89,NULL,1
"Wheat",172,1984,325,1.74,134,128
"Wheat",173,1984,212,3.09,191,289
"Wheat",178,1984,725,2.89,71,73
"Wheat",179,1984,7735,2.20,6083,6729
"Wheat",183,1984,1317,2.95,345,309
"Wheat",184,1984,5193,2.42,2424,2642
"Wheat",186,1984,1876,4.15,1020,1122
"Wheat",192,1984,227,2.55,54,55
"Wheat",219,1984,393,2.55,6,7
"Wheat",220,1984,3430,2.31,2587,2891
"Wheat",234,1984,582,2.68,76,90
"Wheat",235,1984,4082,2.01,3391,2939
"Wheat",250,1984,219,2.34,207,159
"Wheat",258,1984,336,3.02,33,37
"Wheat",259,1984,4364,4.12,2691,2945
"Wheat",260,1984,10,2.68,NULL,NULL
"Wheat",261,1984,262,3.66,312,434
"Wheat",262,1984,219,1.92,102,77
"Wheat",75,1984,NULL,NULL,23,16
"Wheat",1,1983,413,2.21,30,NULL
"Wheat",9,1983,301,6.26,15,NULL
"Wheat",10,1983,1592,2.62,79,143
"Wheat",36,1983,1267,4.60,136,79
"Wheat",45,1983,3323,2.68,1607,1705
"Wheat",56,1983,57,2.62,1,NULL
"Wheat",86,1983,842,2.28,37,45
"Wheat",108,1983,2496,4.72,1065,907
"Wheat",109,1983,1752,3.09,567,362
"Wheat",111,1983,1346,3.42,139,178
"Wheat",113,1983,51,2.55,NULL,NULL
"Wheat",122,1983,12199,2.79,7120,7132
"Wheat",124,1983,438,2.08,40,49
"Wheat",137,1983,204,2.01,35,NULL
"Wheat",148,1983,146,2.75,6,5
"Wheat",153,1983,973,3.29,179,204
"Wheat",154,1983,2149,2.48,2842,2042
"Wheat",155,1983,555,2.28,25,13
"Wheat",156,1983,1913,2.55,468,580
"Wheat",159,1983,3727,2.06,3096,2548
"Wheat",164,1983,2691,2.89,2063,2207
"Wheat",168,1983,34,4.70,NULL,NULL
"Wheat",171,1983,41,2.68,NULL,NULL
"Wheat",172,1983,370,1.94,173,134
"Wheat",173,1983,200,3.09,197,191
"Wheat",178,1983,434,2.28,71,71
"Wheat",179,1983,5283,1.80,7842,6083
"Wheat",183,1983,1600,3.29,321,345
"Wheat",184,1983,4096,2.35,2731,2424
"Wheat",186,1983,1784,4.06,744,1020
"Wheat",192,1983,206,2.55,61,54
"Wheat",219,1983,285,1.88,25,6
"Wheat",220,1983,2442,2.21,2704,2587
"Wheat",234,1983,538,2.21,87,76
"Wheat",235,1983,4382,2.35,3739,3391
"Wheat",250,1983,218,2.48,186,207
"Wheat",258,1983,388,2.82,35,33
"Wheat",259,1983,4697,4.31,2316,2691
"Wheat",260,1983,10,2.82,NULL,NULL
"Wheat",261,1983,158,3.05,230,312
"Wheat",262,1983,243,2.22,132,102
"Wheat",1,1982,631,2.15,NULL,30
"Wheat",9,1982,337,5.83,8,15
"Wheat",10,1982,1965,2.55,13,79
"Wheat",36,1982,2100,4.82,143,136
"Wheat",45,1982,2313,1.92,1419,1607
"Wheat",56,1982,63,2.68,NULL,1
"Wheat",86,1982,1230,2.21,22,37
"Wheat",108,1982,2579,4.22,810,1065
"Wheat",109,1982,1837,3.02,486,567
"Wheat",111,1982,1177,2.82,104,139
"Wheat",113,1982,81,2.01,25,NULL
"Wheat",122,1982,12479,2.35,4731,7120
"Wheat",124,1982,641,2.55,23,40
"Wheat",137,1982,517,2.55,NULL,35
"Wheat",148,1982,155,2.82,9,6
"Wheat",153,1982,624,2.75,248,179
"Wheat",154,1982,3451,2.67,2719,2842
"Wheat",155,1982,982,2.55,5,25
"Wheat",156,1982,2035,2.28,408,468
"Wheat",159,1982,4908,2.25,2402,3096
"Wheat",164,1982,2762,2.35,1854,2063
"Wheat",168,1982,51,4.38,NULL,NULL
"Wheat",171,1982,48,2.68,3,NULL
"Wheat",172,1982,347,1.68,91,173
"Wheat",173,1982,148,2.92,211,197
"Wheat",178,1982,636,2.42,53,71
"Wheat",179,1982,8841,2.11,6238,7842
"Wheat",183,1982,1404,2.89,300,321
"Wheat",184,1982,6197,2.21,1663,2731
"Wheat",186,1982,1728,3.55,687,744
"Wheat",192,1982,223,2.42,57,61
"Wheat",219,1982,538,2.42,13,25
"Wheat",220,1982,2681,1.84,2129,2704
"Wheat",234,1982,813,2.42,79,87
"Wheat",235,1982,3919,1.61,2128,3739
"Wheat",250,1982,252,2.34,152,186
"Wheat",258,1982,362,2.55,22,35
"Wheat",259,1982,3780,3.28,1749,2316
"Wheat",260,1982,8,2.35,NULL,NULL
"Wheat",261,1982,152,3.08,352,230
"Wheat",262,1982,244,1.95,86,132
"Wheat",1,1981,676,2.95,NULL,NULL
"Wheat",9,1981,594,5.69,5,8
"Wheat",10,1981,1841,2.75,2,13
"Wheat",36,1981,2872,5.27,114,143
"Wheat",45,1981,2391,1.90,1355,1419
"Wheat",56,1981,52,2.68,NULL,NULL
"Wheat",86,1981,1252,2.89,18,22
"Wheat",108,1981,2443,4.00,775,810
"Wheat",109,1981,2653,3.36,291,486
"Wheat",111,1981,1627,3.09,96,104
"Wheat",113,1981,132,2.62,40,25
"Wheat",122,1981,8233,1.68,5519,4731
"Wheat",124,1981,777,2.82,15,23
"Wheat",137,1981,314,2.82,21,NULL
"Wheat",148,1981,152,2.75,5,9
"Wheat",153,1981,1129,3.36,261,248
"Wheat",154,1981,3811,2.68,1747,2719
"Wheat",155,1981,653,2.68,NULL,5
"Wheat",156,1981,3143,2.82,289,408
"Wheat",159,1981,4704,1.99,2062,2402
"Wheat",164,1981,2841,2.42,1692,1854
"Wheat",168,1981,50,4.01,NULL,NULL
"Wheat",171,1981,64,2.82,NULL,3
"Wheat",172,1981,299,1.47,79,91
"Wheat",173,1981,191,2.95,271,211
"Wheat",178,1981,583,2.62,29,53
"Wheat",179,1981,8934,1.90,4120,6238
"Wheat",183,1981,1916,2.95,324,300
"Wheat",184,1981,4703,1.81,1643,1663
"Wheat",186,1981,2023,3.96,754,687
"Wheat",192,1981,235,2.42,68,57
"Wheat",219,1981,390,2.35,4,13
"Wheat",220,1981,2421,1.56,1601,2129
"Wheat",234,1981,1017,2.95,73,79
"Wheat",235,1981,4991,1.88,1771,2128
"Wheat",250,1981,254,2.36,142,152
"Wheat",258,1981,467,2.95,21,22
"Wheat",259,1981,4582,3.71,1265,1749
"Wheat",260,1981,8,2.42,NULL,NULL
"Wheat",261,1981,150,3.06,297,352
"Wheat",262,1981,225,1.99,109,86
"Wheat",1,1980,180,1.71,NULL,NULL
"Wheat",9,1980,468,5.37,2,5
"Wheat",10,1980,894,2.55,1,2
"Wheat",36,1980,2327,4.99,90,114
"Wheat",45,1980,3002,2.17,848,1355
"Wheat",56,1980,29,2.68,NULL,NULL
"Wheat",86,1980,538,2.21,13,18
"Wheat",108,1980,2613,4.16,526,775
"Wheat",109,1980,2093,3.29,175,291
"Wheat",111,1980,1467,3.29,89,96
"Wheat",113,1980,95,2.55,42,40
"Wheat",122,1980,11431,2.35,4622,5519
"Wheat",124,1980,376,2.65,19,15
"Wheat",137,1980,51,1.88,97,21
"Wheat",148,1980,100,2.55,6,5
"Wheat",153,1980,958,2.95,132,261
"Wheat",154,1980,2791,2.17,1697,1747
"Wheat",155,1980,253,2.08,1,NULL
"Wheat",156,1980,2422,2.89,338,289
"Wheat",159,1980,3260,1.57,2030,2062
"Wheat",164,1980,2947,2.55,1253,1692
"Wheat",168,1980,48,4.17,NULL,NULL
"Wheat",171,1980,50,2.89,NULL,NULL
"Wheat",172,1980,285,1.41,62,79
"Wheat",173,1980,163,2.68,243,271
"Wheat",178,1980,381,2.35,37,29
"Wheat",179,1980,4889,1.25,4742,4120
"Wheat",183,1980,1827,3.29,293,324
"Wheat",184,1980,5307,2.01,1643,1643
"Wheat",186,1980,2106,3.85,643,754
"Wheat",192,1980,251,2.48,63,68
"Wheat",219,1980,188,2.42,NULL,4
"Wheat",220,1980,1699,1.29,1415,1601
"Wheat",234,1980,506,2.55,51,73
"Wheat",235,1980,3538,1.68,1646,1771
"Wheat",250,1980,243,2.21,119,142
"Wheat",258,1980,288,2.48,13,21
"Wheat",259,1980,4360,3.40,1201,1265
"Wheat",260,1980,10,2.55,NULL,NULL
"Wheat",261,1980,118,2.64,261,297
"Wheat",262,1980,234,1.84,86,109
"Wheat",75,1980,NULL,NULL,12,NULL
"Wheat",1,1979,102,1.74,4,NULL
"Wheat",9,1979,259,5.12,8,2
"Wheat",10,1979,400,2.35,3,1
"Wheat",36,1979,1536,4.74,55,90
"Wheat",45,1979,1911,1.78,988,848
"Wheat",56,1979,19,2.28,NULL,NULL
"Wheat",86,1979,166,2.35,12,13
"Wheat",108,1979,2017,3.38,475,526
"Wheat",109,1979,1462,2.89,130,175
"Wheat",111,1979,1208,3.15,40,89
"Wheat",113,1979,60,2.48,54,42
"Wheat",122,1979,11170,2.55,4174,4622
"Wheat",124,1979,299,2.55,7,19
"Wheat",137,1979,19,1.88,62,97
"Wheat",148,1979,90,2.48,NULL,6
"Wheat",153,1979,860,2.89,216,132
"Wheat",154,1979,2460,2.35,2411,1697
"Wheat",155,1979,100,2.15,1,1
"Wheat",156,1979,1916,2.95,197,338
"Wheat",159,1979,3170,1.52,2371,2030
"Wheat",164,1979,2359,2.28,1621,1253
"Wheat",168,1979,38,3.97,NULL,NULL
"Wheat",171,1979,40,2.42,NULL,NULL
"Wheat",172,1979,245,1.47,80,62
"Wheat",173,1979,178,2.75,126,243
"Wheat",178,1979,205,2.42,33,37
"Wheat",179,1979,6865,1.76,5777,4742
"Wheat",183,1979,1724,3.22,169,293
"Wheat",184,1979,5895,2.55,896,1643
"Wheat",186,1979,1559,3.09,470,643
"Wheat",192,1979,198,2.08,43,63
"Wheat",219,1979,89,2.21,NULL,NULL
"Wheat",220,1979,1634,1.43,1575,1415
"Wheat",234,1979,231,2.28,42,51
"Wheat",235,1979,3756,2.01,1343,1646
"Wheat",250,1979,202,1.77,119,119
"Wheat",258,1979,171,2.35,NULL,13
"Wheat",259,1979,3211,2.66,1248,1201
"Wheat",260,1979,9,2.28,NULL,NULL
"Wheat",261,1979,58,2.68,231,261
"Wheat",262,1979,172,1.48,98,86
"Wheat",75,1979,NULL,NULL,8,12
"Wheat",1,1978,63,1.74,NULL,4
"Wheat",9,1978,262,4.70,10,8
"Wheat",10,1978,302,2.48,14,3
"Wheat",36,1978,1162,4.31,86,55
"Wheat",45,1978,1613,1.57,1105,988
"Wheat",56,1978,16,2.35,NULL,NULL
"Wheat",75,1978,11,2.42,NULL,8
"Wheat",86,1978,104,2.15,11,12
"Wheat",108,1978,2051,3.69,338,475
"Wheat",109,1978,910,2.55,633,130
"Wheat",111,1978,785,2.62,183,40
"Wheat",113,1978,37,2.08,64,54
"Wheat",122,1978,8165,2.01,6714,4174
"Wheat",124,1978,176,2.42,25,7
"Wheat",137,1978,14,2.42,101,62
"Wheat",148,1978,80,2.48,NULL,NULL
"Wheat",153,1978,446,2.68,338,216
"Wheat",154,1978,2537,2.25,2901,2411
"Wheat",155,1978,54,2.08,2,1
"Wheat",156,1978,777,2.28,607,197
"Wheat",159,1978,3975,2.03,2663,2371
"Wheat",164,1978,2221,2.15,2329,1621
"Wheat",168,1978,35,4.00,NULL,NULL
"Wheat",171,1978,24,2.42,4,NULL
"Wheat",172,1978,164,1.21,111,80
"Wheat",173,1978,71,2.35,328,126
"Wheat",178,1978,161,2.21,32,33
"Wheat",179,1978,7786,2.00,5148,5777
"Wheat",183,1978,1146,2.62,564,169
"Wheat",184,1978,3968,1.81,1916,896
"Wheat",186,1978,1413,2.85,422,470
"Wheat",192,1978,193,2.21,75,43
"Wheat",219,1978,58,2.21,4,NULL
"Wheat",220,1978,1796,1.43,1490,1575
"Wheat",234,1978,171,2.35,49,42
"Wheat",235,1978,1469,1.34,2160,1343
"Wheat",250,1978,220,2.01,110,119
"Wheat",258,1978,126,2.35,36,NULL
"Wheat",259,1978,3488,2.95,993,1248
"Wheat",260,1978,8,2.21,NULL,NULL
"Wheat",261,1978,42,2.33,347,231
"Wheat",262,1978,207,1.74,80,98
"Wheat",1,1977,83,1.88,NULL,NULL
"Wheat",9,1977,274,4.84,25,10
"Wheat",10,1977,700,2.62,10,14
"Wheat",36,1977,1158,4.33,235,86
"Wheat",45,1977,1561,1.49,899,1105
"Wheat",56,1977,23,2.01,NULL,NULL
"Wheat",75,1977,10,1.94,NULL,NULL
"Wheat",86,1977,89,2.21,13,11
"Wheat",108,1977,1575,2.90,594,338
"Wheat",109,1977,1837,2.89,691,633
"Wheat",111,1977,1518,3.02,239,183
"Wheat",113,1977,109,2.48,69,64
"Wheat",122,1977,9386,1.91,6767,6714
"Wheat",124,1977,275,2.48,51,25
"Wheat",137,1977,35,2.28,134,101
"Wheat",148,1977,97,2.42,NULL,NULL
"Wheat",153,1977,898,2.68,321,338
"Wheat",154,1977,3589,2.66,2035,2901
"Wheat",155,1977,97,2.28,3,2
"Wheat",156,1977,1963,2.62,844,607
"Wheat",159,1977,3563,1.74,2390,2663
"Wheat",164,1977,2810,2.35,1834,2329
"Wheat",168,1977,39,3.72,NULL,NULL
"Wheat",171,1977,32,2.08,NULL,4
"Wheat",172,1977,248,1.44,57,111
"Wheat",173,1977,185,2.62,274,328
"Wheat",178,1977,163,2.01,48,32
"Wheat",179,1977,6257,1.66,5296,5148
"Wheat",183,1977,1970,3.15,600,564
"Wheat",184,1977,4776,1.81,1819,1916
"Wheat",186,1977,1296,2.60,542,422
"Wheat",192,1977,220,2.21,66,75
"Wheat",219,1977,67,1.94,5,4
"Wheat",220,1977,1958,1.60,706,1490
"Wheat",234,1977,274,2.42,41,49
"Wheat",235,1977,3198,1.68,1728,2160
"Wheat",250,1977,154,1.55,137,110
"Wheat",258,1977,169,2.08,30,36
"Wheat",259,1977,2757,2.27,1351,993
"Wheat",260,1977,8,2.08,NULL,NULL
"Wheat",261,1977,83,2.75,344,347
"Wheat",262,1977,152,1.34,51,80
"Wheat",1,1976,77,1.81,NULL,NULL
"Wheat",9,1976,879,5.04,15,25
"Wheat",10,1976,668,2.62,1,10
"Wheat",36,1976,1625,4.26,188,235
"Wheat",45,1976,1454,1.47,716,899
"Wheat",56,1976,30,2.35,NULL,NULL
"Wheat",75,1976,11,2.01,NULL,NULL
"Wheat",86,1976,97,2.08,7,13
"Wheat",108,1976,1982,3.21,315,594
"Wheat",109,1976,1963,2.62,413,691
"Wheat",111,1976,1469,2.42,103,239
"Wheat",113,1976,123,2.35,46,69
"Wheat",122,1976,9227,2.01,4504,6767
"Wheat",124,1976,278,2.08,19,51
"Wheat",137,1976,28,2.21,64,134
"Wheat",148,1976,115,2.55,NULL,NULL
"Wheat",153,1976,899,2.55,192,321
"Wheat",154,1976,3551,2.16,753,2035
"Wheat",155,1976,94,1.94,6,3
"Wheat",156,1976,1652,2.21,334,844
"Wheat",159,1976,4553,2.07,1362,2390
"Wheat",164,1976,2569,2.15,983,1834
"Wheat",168,1976,45,3.63,NULL,NULL
"Wheat",171,1976,57,2.82,NULL,NULL
"Wheat",172,1976,185,1.74,42,57
"Wheat",173,1976,181,2.55,196,274
"Wheat",178,1976,189,1.94,33,48
"Wheat",179,1976,7834,1.66,2677,5296
"Wheat",183,1976,1741,2.68,415,600
"Wheat",184,1976,4115,1.61,1324,1819
"Wheat",186,1976,1641,3.03,376,542
"Wheat",192,1976,224,2.01,45,66
"Wheat",219,1976,88,1.74,3,5
"Wheat",220,1976,1075,0.88,502,706
"Wheat",234,1976,302,2.48,26,41
"Wheat",235,1976,2814,1.47,1058,1728
"Wheat",250,1976,188,1.66,122,137
"Wheat",258,1976,209,2.15,41,30
"Wheat",259,1976,3920,3.02,949,1351
"Wheat",260,1976,9,2.15,NULL,NULL
"Wheat",261,1976,88,2.33,185,344
"Wheat",262,1976,216,1.62,48,51
"Wheat",1,1975,71,1.61,NULL,NULL
"Wheat",9,1975,495,4.70,NULL,15
"Wheat",10,1975,367,2.01,NULL,1
"Wheat",36,1975,1666,4.11,35,188
"Wheat",45,1975,1537,1.51,514,716
"Wheat",56,1975,41,2.28,NULL,NULL
"Wheat",75,1975,8,1.68,NULL,NULL
"Wheat",86,1975,99,1.81,NULL,7
"Wheat",108,1975,1720,2.99,169,315
"Wheat",109,1975,1836,2.62,83,413
"Wheat",111,1975,1676,2.95,38,103
"Wheat",113,1975,92,2.28,21,46
"Wheat",122,1975,9550,1.94,2118,4504
"Wheat",124,1975,296,2.28,NULL,19
"Wheat",137,1975,8,1.07,77,64
"Wheat",148,1975,131,2.28,6,NULL
"Wheat",153,1975,930,2.55,140,192
"Wheat",154,1975,2405,2.07,505,753
"Wheat",155,1975,79,1.61,NULL,6
"Wheat",156,1975,1365,2.21,174,334
"Wheat",159,1975,4244,2.10,661,1362
"Wheat",164,1975,2673,2.15,559,983
"Wheat",168,1975,49,3.94,NULL,NULL
"Wheat",171,1975,56,2.42,NULL,NULL
"Wheat",172,1975,311,1.74,NULL,42
"Wheat",173,1975,223,2.68,115,196
"Wheat",178,1975,232,2.08,26,33
"Wheat",179,1975,7196,1.74,1293,2677
"Wheat",183,1975,1920,2.82,118,415
"Wheat",184,1975,4376,1.61,395,1324
"Wheat",186,1975,1579,3.10,230,376
"Wheat",192,1975,276,2.15,46,45
"Wheat",219,1975,95,1.81,NULL,3
"Wheat",220,1975,1704,1.41,404,502
"Wheat",234,1975,227,2.08,25,26
"Wheat",235,1975,3568,1.54,278,1058
"Wheat",250,1975,200,1.72,91,122
"Wheat",258,1975,234,2.08,30,41
"Wheat",259,1975,4025,3.24,505,949
"Wheat",260,1975,9,2.15,NULL,NULL
"Wheat",261,1975,76,2.03,140,185
"Wheat",262,1975,225,1.67,27,48
"Wheat",1,1974,60,1.57,7,NULL
"Wheat",9,1974,353,4.36,3,NULL
"Wheat",10,1974,238,1.78,1,NULL
"Wheat",36,1974,1020,3.36,33,35
"Wheat",45,1974,1976,1.68,185,514
"Wheat",56,1974,40,2.35,NULL,NULL
"Wheat",75,1974,8,1.21,NULL,NULL
"Wheat",86,1974,95,1.57,NULL,NULL
"Wheat",108,1974,1683,2.89,74,169
"Wheat",109,1974,1412,2.01,57,83
"Wheat",111,1974,1275,2.52,12,38
"Wheat",113,1974,50,2.01,47,21
"Wheat",122,1974,8682,1.84,1225,2118
"Wheat",124,1974,308,2.11,6,NULL
"Wheat",137,1974,10,1.34,33,77
"Wheat",148,1974,153,2.55,9,6
"Wheat",153,1974,925,2.68,57,140
"Wheat",154,1974,2200,1.94,323,505
"Wheat",155,1974,88,1.68,NULL,NULL
"Wheat",156,1974,1034,1.94,214,174
"Wheat",159,1974,3269,1.66,497,661
"Wheat",164,1974,2683,2.28,451,559
"Wheat",168,1974,40,3.47,NULL,NULL
"Wheat",171,1974,58,2.68,NULL,NULL
"Wheat",172,1974,92,1.14,7,NULL
"Wheat",173,1974,245,2.89,203,115
"Wheat",178,1974,269,2.42,17,26
"Wheat",179,1974,5736,1.37,1379,1293
"Wheat",183,1974,1618,2.75,77,118
"Wheat",184,1974,3658,1.41,251,395
"Wheat",186,1974,1435,2.80,212,230
"Wheat",192,1974,313,2.42,33,46
"Wheat",219,1974,98,1.78,NULL,NULL
"Wheat",220,1974,1551,1.23,186,404
"Wheat",234,1974,224,1.94,35,25
"Wheat",235,1974,1437,1.07,480,278
"Wheat",250,1974,217,1.82,89,91
"Wheat",258,1974,276,2.48,NULL,30
"Wheat",259,1974,3362,2.65,369,505
"Wheat",260,1974,10,2.21,NULL,NULL
"Wheat",261,1974,77,2.46,111,140
"Wheat",262,1974,198,1.60,5,27
"Wheat",1,1973,50,1.54,NULL,7
"Wheat",9,1973,342,4.57,10,3
"Wheat",10,1973,165,1.88,6,1
"Wheat",36,1973,840,3.63,112,33
"Wheat",45,1973,1738,1.64,348,185
"Wheat",56,1973,31,2.35,NULL,NULL
"Wheat",75,1973,14,1.47,NULL,NULL
"Wheat",86,1973,80,1.81,9,NULL
"Wheat",108,1973,1317,3.02,46,74
"Wheat",109,1973,1061,2.01,97,57
"Wheat",111,1973,669,2.35,19,12
"Wheat",113,1973,29,2.15,71,47
"Wheat",122,1973,10473,2.48,1671,1225
"Wheat",124,1973,147,2.21,6,6
"Wheat",137,1973,9,1.47,NULL,33
"Wheat",148,1973,110,2.35,10,9
"Wheat",153,1973,541,2.35,76,57
"Wheat",154,1973,2127,2.61,777,323
"Wheat",155,1973,73,1.81,NULL,NULL
"Wheat",156,1973,694,2.01,255,214
"Wheat",159,1973,2632,1.60,857,497
"Wheat",164,1973,2553,2.35,1850,451
"Wheat",168,1973,30,3.93,NULL,NULL
"Wheat",171,1973,37,2.42,NULL,NULL
"Wheat",172,1973,232,1.98,NULL,7
"Wheat",173,1973,144,2.55,190,203
"Wheat",178,1973,171,2.35,20,17
"Wheat",179,1973,6575,1.84,2421,1379
"Wheat",183,1973,696,2.15,150,77
"Wheat",184,1973,4295,2.01,219,251
"Wheat",186,1973,979,2.34,298,212
"Wheat",192,1973,201,1.88,39,33
"Wheat",219,1973,71,1.74,NULL,NULL
"Wheat",220,1973,1636,1.72,837,186
"Wheat",234,1973,121,2.08,43,35
"Wheat",235,1973,2683,1.94,550,480
"Wheat",250,1973,172,1.67,60,89
"Wheat",258,1973,176,2.48,45,NULL
"Wheat",259,1973,2427,2.20,394,369
"Wheat",260,1973,7,2.08,NULL,NULL
"Wheat",261,1973,24,2.21,303,111
"Wheat",262,1973,176,1.55,22,5
"Wheat",1,1972,59,1.34,20,NULL
"Wheat",9,1972,310,4.50,6,10
"Wheat",10,1972,298,2.48,6,6
"Wheat",36,1972,635,3.22,57,112
"Wheat",45,1972,1415,1.61,762,348
"Wheat",56,1972,27,2.21,NULL,NULL
"Wheat",75,1972,14,1.00,NULL,NULL
"Wheat",86,1972,76,1.34,10,9
"Wheat",108,1972,1203,3.10,168,46
"Wheat",109,1972,1469,3.02,41,97
"Wheat",111,1972,1079,3.22,26,19
"Wheat",113,1972,33,2.52,110,71
"Wheat",122,1972,8571,2.25,4827,1671
"Wheat",124,1972,191,2.18,10,6
"Wheat",137,1972,18,1.54,51,NULL
"Wheat",148,1972,110,2.48,25,10
"Wheat",153,1972,582,2.68,53,76
"Wheat",154,1972,1341,2.21,1298,777
"Wheat",155,1972,135,2.08,NULL,NULL
"Wheat",156,1972,981,2.62,627,255
"Wheat",159,1972,2690,1.79,1643,857
"Wheat",164,1972,2526,2.48,3101,1850
"Wheat",168,1972,19,3.97,NULL,NULL
"Wheat",171,1972,36,2.55,NULL,NULL
"Wheat",172,1972,117,1.71,60,NULL
"Wheat",173,1972,148,2.62,265,190
"Wheat",178,1972,168,2.08,30,20
"Wheat",179,1972,5901,1.94,5074,2421
"Wheat",183,1972,1260,3.02,71,150
"Wheat",184,1972,2441,1.54,1006,219
"Wheat",186,1972,1002,2.81,305,298
"Wheat",192,1972,234,2.15,57,39
"Wheat",219,1972,74,1.34,4,NULL
"Wheat",220,1972,1481,1.91,1457,837
"Wheat",234,1972,209,2.15,29,43
"Wheat",235,1972,1197,1.47,1146,550
"Wheat",250,1972,167,1.86,84,60
"Wheat",258,1972,219,2.48,29,45
"Wheat",259,1972,3356,3.18,648,394
"Wheat",260,1972,10,2.35,NULL,NULL
"Wheat",261,1972,24,2.09,251,303
"Wheat",262,1972,240,2.33,102,22
"Wheat",1,1971,94,1.94,NULL,20
"Wheat",9,1971,320,4.57,6,6
"Wheat",10,1971,220,2.11,10,6
"Wheat",36,1971,724,3.15,50,57
"Wheat",45,1971,1623,1.88,682,762
"Wheat",56,1971,32,2.89,NULL,NULL
"Wheat",75,1971,44,2.01,NULL,NULL
"Wheat",86,1971,206,2.62,NULL,10
"Wheat",108,1971,1358,3.44,116,168
"Wheat",109,1971,1252,3.09,79,41
"Wheat",111,1971,868,3.09,47,26
"Wheat",113,1971,37,2.58,84,110
"Wheat",122,1971,8508,2.31,5092,4827
"Wheat",124,1971,195,2.68,9,10
"Wheat",137,1971,21,1.54,91,51
"Wheat",148,1971,123,2.82,35,25
"Wheat",153,1971,485,2.42,104,53
"Wheat",154,1971,1622,2.54,699,1298
"Wheat",155,1971,98,1.94,NULL,NULL
"Wheat",156,1971,843,2.68,537,627
"Wheat",159,1971,3048,1.74,1550,1643
"Wheat",164,1971,2782,2.82,3158,3101
"Wheat",168,1971,19,3.91,NULL,NULL
"Wheat",171,1971,39,3.15,NULL,NULL
"Wheat",172,1971,104,1.61,57,60
"Wheat",173,1971,120,2.68,346,265
"Wheat",178,1971,286,2.89,25,30
"Wheat",179,1971,7936,2.13,2867,5074
"Wheat",183,1971,1130,2.95,172,71
"Wheat",184,1971,1959,1.34,855,1006
"Wheat",186,1971,939,3.01,207,305
"Wheat",192,1971,255,2.42,39,57
"Wheat",219,1971,130,2.55,3,4
"Wheat",220,1971,1781,2.03,1261,1457
"Wheat",234,1971,229,2.42,17,29
"Wheat",235,1971,855,1.41,888,1146
"Wheat",250,1971,169,2.05,69,84
"Wheat",258,1971,245,2.95,27,29
"Wheat",259,1971,3081,3.27,427,648
"Wheat",260,1971,11,2.35,NULL,NULL
"Wheat",261,1971,35,2.52,178,251
"Wheat",262,1971,208,2.17,83,102
"Wheat",1,1970,64,1.88,NULL,NULL
"Wheat",9,1970,281,4.63,1,6
"Wheat",10,1970,230,2.21,18,10
"Wheat",36,1970,777,3.04,47,50
"Wheat",45,1970,1624,1.91,580,682
"Wheat",56,1970,24,2.82,NULL,NULL
"Wheat",75,1970,32,2.08,NULL,NULL
"Wheat",86,1970,94,2.48,10,NULL
"Wheat",108,1970,1131,3.06,179,116
"Wheat",109,1970,1037,2.48,105,79
"Wheat",111,1970,766,2.58,93,47
"Wheat",113,1970,38,2.35,80,84
"Wheat",122,1970,8138,2.21,5883,5092
"Wheat",124,1970,155,2.42,4,9
"Wheat",137,1970,20,1.91,112,91
"Wheat",148,1970,105,2.48,39,35
"Wheat",153,1970,509,2.62,196,104
"Wheat",154,1970,638,1.85,797,699
"Wheat",155,1970,104,2.15,NULL,NULL
"Wheat",156,1970,767,2.21,512,537
"Wheat",159,1970,2318,1.69,1973,1550
"Wheat",164,1970,2492,2.55,2915,3158
"Wheat",168,1970,22,3.89,NULL,NULL
"Wheat",171,1970,30,2.48,NULL,NULL
"Wheat",172,1970,135,1.81,60,57
"Wheat",173,1970,149,2.82,389,346
"Wheat",178,1970,231,2.89,21,25
"Wheat",179,1970,4261,1.58,4028,2867
"Wheat",183,1970,956,2.55,152,172
"Wheat",184,1970,2759,1.74,1569,855
"Wheat",186,1970,727,2.66,351,207
"Wheat",192,1970,247,2.21,78,39
"Wheat",219,1970,72,2.21,6,3
"Wheat",220,1970,1069,1.48,1603,1261
"Wheat",234,1970,178,2.35,41,17
"Wheat",235,1970,1480,1.61,1186,888
"Wheat",250,1970,165,1.92,80,69
"Wheat",258,1970,208,2.95,14,27
"Wheat",259,1970,2525,2.95,659,427
"Wheat",260,1970,14,2.48,NULL,NULL
"Wheat",261,1970,30,2.40,171,178
"Wheat",262,1970,165,1.92,86,83
"Wheat",1,1969,68,1.94,1,NULL
"Wheat",9,1969,123,4.16,NULL,1
"Wheat",10,1969,194,2.01,12,18
"Wheat",36,1969,418,2.55,58,47
"Wheat",45,1969,1148,1.44,686,580
"Wheat",56,1969,22,2.75,NULL,NULL
"Wheat",75,1969,28,2.01,NULL,NULL
"Wheat",86,1969,72,2.35,11,10
"Wheat",108,1969,1215,2.93,264,179
"Wheat",109,1969,1316,2.55,224,105
"Wheat",111,1969,947,2.68,56,93
"Wheat",113,1969,40,2.25,83,80
"Wheat",122,1969,8310,2.08,3982,5883
"Wheat",124,1969,156,2.28,10,4
"Wheat",137,1969,16,1.57,82,112
"Wheat",148,1969,117,2.68,39,39
"Wheat",153,1969,615,2.68,197,196
"Wheat",154,1969,696,2.01,1094,797
"Wheat",155,1969,63,1.81,NULL,NULL
"Wheat",156,1969,801,2.08,445,512
"Wheat",159,1969,2715,1.78,2299,1973
"Wheat",164,1969,2272,2.11,2319,2915
"Wheat",168,1969,20,4.28,NULL,NULL
"Wheat",171,1969,32,2.48,NULL,NULL
"Wheat",172,1969,103,1.61,74,60
"Wheat",173,1969,167,2.58,334,389
"Wheat",178,1969,226,2.82,36,21
"Wheat",179,1969,5671,2.00,3689,4028
"Wheat",183,1969,1051,2.55,200,152
"Wheat",184,1969,3315,1.88,1405,1569
"Wheat",186,1969,802,2.56,322,351
"Wheat",192,1969,289,2.38,70,78
"Wheat",219,1969,78,2.35,5,6
"Wheat",220,1969,1159,1.49,1866,1603
"Wheat",234,1969,157,2.21,38,41
"Wheat",235,1969,1874,1.61,908,1186
"Wheat",250,1969,170,1.79,64,80
"Wheat",258,1969,194,2.89,17,14
"Wheat",259,1969,2413,2.58,877,659
"Wheat",260,1969,12,2.21,NULL,NULL
"Wheat",261,1969,32,2.33,316,171
"Wheat",262,1969,131,1.35,91,86
"Wheat",170,1969,NULL,NULL,NULL,NULL
"Wheat",1,1968,75,1.68,NULL,1
"Wheat",9,1968,73,3.49,NULL,NULL
"Wheat",10,1968,368,1.68,NULL,12
"Wheat",36,1968,378,2.25,62,58
"Wheat",45,1968,1022,1.34,461,686
"Wheat",56,1968,20,2.15,NULL,NULL
"Wheat",75,1968,30,1.74,NULL,NULL
"Wheat",86,1968,83,1.88,15,11
"Wheat",108,1968,1485,3.05,172,264
"Wheat",109,1968,1393,2.48,327,224
"Wheat",111,1968,930,2.35,62,56
"Wheat",113,1968,52,2.42,65,83
"Wheat",122,1968,6900,1.74,2503,3982
"Wheat",124,1968,164,2.01,7,10
"Wheat",137,1968,57,1.47,NULL,82
"Wheat",148,1968,108,2.15,42,39
"Wheat",153,1968,803,2.42,201,197
"Wheat",154,1968,924,2.21,959,1094
"Wheat",155,1968,227,1.68,NULL,NULL
"Wheat",156,1968,1077,2.21,345,445
"Wheat",159,1968,3425,1.86,1473,2299
"Wheat",164,1968,2673,2.15,1197,2319
"Wheat",168,1968,17,3.26,NULL,NULL
"Wheat",171,1968,40,2.35,NULL,NULL
"Wheat",172,1968,190,1.54,29,74
"Wheat",173,1968,198,2.55,329,334
"Wheat",178,1968,233,2.62,30,36
"Wheat",179,1968,5847,1.80,2952,3689
"Wheat",183,1968,1220,2.52,213,200
"Wheat",184,1968,3380,1.54,443,1405
"Wheat",186,1968,801,2.07,214,322
"Wheat",192,1968,326,2.15,87,70
"Wheat",219,1968,76,1.81,2,5
"Wheat",220,1968,1785,1.83,1178,1866
"Wheat",234,1968,208,1.88,26,38
"Wheat",235,1968,2290,1.47,335,908
"Wheat",250,1968,198,1.88,84,64
"Wheat",258,1968,164,2.28,25,17
"Wheat",259,1968,2816,2.59,447,877
"Wheat",260,1968,13,2.08,NULL,NULL
"Wheat",261,1968,50,2.42,237,316
"Wheat",262,1968,227,2.05,45,91
"Wheat",170,1968,NULL,NULL,NULL,NULL
"Wheat",1,1967,73,1.61,NULL,NULL
"Wheat",9,1967,66,3.29,NULL,NULL
"Wheat",10,1967,512,1.91,NULL,NULL
"Wheat",36,1967,331,2.25,57,62
"Wheat",45,1967,975,1.31,389,461
"Wheat",56,1967,32,2.82,NULL,NULL
"Wheat",75,1967,26,1.61,NULL,NULL
"Wheat",86,1967,88,1.74,NULL,15
"Wheat",108,1967,1536,2.96,88,172
"Wheat",109,1967,1958,2.62,255,327
"Wheat",111,1967,1245,2.48,49,62
"Wheat",113,1967,44,1.84,90,65
"Wheat",122,1967,6032,1.34,2224,2503
"Wheat",124,1967,213,2.28,3,7
"Wheat",137,1967,70,1.74,85,NULL
"Wheat",148,1967,158,2.62,34,42
"Wheat",153,1967,1097,2.42,127,201
"Wheat",154,1967,919,2.15,728,959
"Wheat",155,1967,303,2.01,NULL,NULL
"Wheat",156,1967,1393,2.15,364,345
"Wheat",159,1967,3242,1.69,937,1473
"Wheat",164,1967,2355,1.78,863,1197
"Wheat",168,1967,31,4.25,NULL,NULL
"Wheat",171,1967,53,2.62,NULL,NULL
"Wheat",172,1967,107,1.88,14,29
"Wheat",173,1967,246,2.62,272,329
"Wheat",178,1967,201,2.08,13,30
"Wheat",179,1967,4933,1.51,2171,2952
"Wheat",183,1967,1401,2.28,121,213
"Wheat",184,1967,2413,1.14,539,443
"Wheat",186,1967,886,2.12,178,214
"Wheat",192,1967,470,2.42,59,87
"Wheat",219,1967,80,1.78,NULL,2
"Wheat",220,1967,2011,1.88,717,1178
"Wheat",234,1967,240,2.01,7,26
"Wheat",235,1967,1448,1.07,405,335
"Wheat",250,1967,224,2.05,83,84
"Wheat",258,1967,195,2.35,14,25
"Wheat",259,1967,3101,2.68,323,447
"Wheat",260,1967,20,2.48,1,NULL
"Wheat",261,1967,58,2.50,254,237
"Wheat",262,1967,229,1.86,15,45
"Wheat",1,1966,44,1.88,NULL,NULL
"Wheat",9,1966,25,2.68,NULL,NULL
"Wheat",10,1966,319,2.15,7,NULL
"Wheat",36,1966,202,1.85,86,57
"Wheat",45,1966,1206,1.21,169,389
"Wheat",56,1966,19,2.35,NULL,NULL
"Wheat",75,1966,17,1.88,NULL,NULL
"Wheat",86,1966,53,2.01,NULL,NULL
"Wheat",108,1966,1041,2.58,138,88
"Wheat",109,1966,1660,2.75,154,255
"Wheat",111,1966,1214,2.95,22,49
"Wheat",113,1966,40,2.21,162,90
"Wheat",122,1966,5445,1.31,2695,2224
"Wheat",124,1966,157,2.28,7,3
"Wheat",137,1966,41,1.88,37,85
"Wheat",148,1966,121,2.42,89,34
"Wheat",153,1966,829,2.68,104,127
"Wheat",154,1966,498,1.53,1621,728
"Wheat",155,1966,163,2.28,NULL,NULL
"Wheat",156,1966,1119,2.28,269,364
"Wheat",159,1966,2713,1.78,1015,937
"Wheat",164,1966,2724,2.35,672,863
"Wheat",168,1966,23,3.26,NULL,NULL
"Wheat",171,1966,43,2.68,NULL,NULL
"Wheat",172,1966,128,2.15,32,14
"Wheat",173,1966,192,2.82,375,272
"Wheat",178,1966,134,2.01,18,13
"Wheat",179,1966,4189,1.57,2917,2171
"Wheat",183,1966,1255,2.62,80,121
"Wheat",184,1966,2686,1.41,466,539
"Wheat",186,1966,695,2.27,257,178
"Wheat",192,1966,391,2.42,127,59
"Wheat",219,1966,44,1.91,NULL,NULL
"Wheat",220,1966,1069,1.23,1092,717
"Wheat",234,1966,121,2.15,12,7
"Wheat",235,1966,1977,1.51,710,405
"Wheat",250,1966,161,1.78,54,83
"Wheat",258,1966,122,2.08,59,14
"Wheat",259,1966,2431,2.68,634,323
"Wheat",260,1966,14,2.08,NULL,1
"Wheat",261,1966,34,2.35,413,254
"Wheat",262,1966,135,1.39,NULL,15
"Wheat",1,1965,36,1.64,NULL,NULL
"Wheat",9,1965,31,3.02,NULL,NULL
"Wheat",10,1965,251,1.74,27,7
"Wheat",36,1965,200,1.78,108,86
"Wheat",45,1965,539,1.05,239,169
"Wheat",56,1965,17,2.21,NULL,NULL
"Wheat",75,1965,15,1.68,NULL,NULL
"Wheat",86,1965,49,1.94,NULL,NULL
"Wheat",108,1965,1305,2.97,95,138
"Wheat",109,1965,1545,2.38,80,154
"Wheat",111,1965,985,2.18,51,22
"Wheat",113,1965,22,1.41,169,162
"Wheat",122,1965,6434,1.57,6444,2695
"Wheat",124,1965,146,2.15,7,7
"Wheat",137,1965,28,1.41,81,37
"Wheat",148,1965,114,2.28,104,89
"Wheat",153,1965,720,2.21,143,104
"Wheat",154,1965,628,1.86,2266,1621
"Wheat",155,1965,114,1.84,NULL,NULL
"Wheat",156,1965,887,1.84,562,269
"Wheat",159,1965,2867,1.70,889,1015
"Wheat",164,1965,1484,1.34,1565,672
"Wheat",168,1965,25,3.30,NULL,NULL
"Wheat",171,1965,36,2.45,13,NULL
"Wheat",172,1965,134,1.64,67,32
"Wheat",173,1965,186,2.48,437,375
"Wheat",178,1965,134,1.94,16,18
"Wheat",179,1965,4842,1.74,3493,2917
"Wheat",183,1965,1095,2.15,68,80
"Wheat",184,1965,3617,1.88,930,466
"Wheat",186,1965,772,2.36,232,257
"Wheat",192,1965,388,2.35,69,127
"Wheat",219,1965,47,1.81,2,NULL
"Wheat",220,1965,1003,1.18,1363,1092
"Wheat",234,1965,112,1.88,24,12
"Wheat",235,1965,2079,1.47,1523,710
"Wheat",250,1965,183,1.97,46,54
"Wheat",258,1965,124,2.01,NULL,59
"Wheat",259,1965,2472,2.63,439,634
"Wheat",260,1965,15,2.15,1,NULL
"Wheat",261,1965,34,2.17,544,413
"Wheat",262,1965,71,0.86,31,NULL
"Wheat",170,1965,NULL,NULL,51,NULL
"Wheat",1,1964,43,1.68,NULL,NULL
"Wheat",9,1964,43,3.22,NULL,NULL
"Wheat",10,1964,375,2.08,40,27
"Wheat",36,1964,242,2.05,97,108
"Wheat",45,1964,709,1.04,592,239
"Wheat",56,1964,18,2.15,NULL,NULL
"Wheat",75,1964,23,1.61,NULL,NULL
"Wheat",86,1964,60,2.11,6,NULL
"Wheat",108,1964,1174,2.66,30,95
"Wheat",109,1964,1889,2.42,40,80
"Wheat",111,1964,1289,2.28,10,51
"Wheat",113,1964,75,1.86,141,169
"Wheat",122,1964,5682,1.47,8311,6444
"Wheat",124,1964,139,2.15,2,7
"Wheat",137,1964,44,1.68,152,81
"Wheat",148,1964,111,2.01,142,104
"Wheat",153,1964,1051,2.68,30,143
"Wheat",154,1964,609,1.56,2090,2266
"Wheat",155,1964,114,1.94,NULL,NULL
"Wheat",156,1964,1286,2.11,569,562
"Wheat",159,1964,2551,1.62,660,889
"Wheat",164,1964,1914,1.64,2633,1565
"Wheat",168,1964,23,2.67,NULL,NULL
"Wheat",171,1964,36,2.31,10,13
"Wheat",172,1964,75,1.27,72,67
"Wheat",173,1964,207,2.52,511,437
"Wheat",178,1964,199,1.88,10,16
"Wheat",179,1964,4111,1.60,2646,3493
"Wheat",183,1964,1259,2.15,23,68
"Wheat",184,1964,2629,1.54,1223,930
"Wheat",186,1964,745,2.32,150,232
"Wheat",192,1964,404,2.15,47,69
"Wheat",219,1964,62,1.81,1,2
"Wheat",220,1964,1055,1.18,1273,1363
"Wheat",234,1964,128,1.98,13,24
"Wheat",235,1964,1766,1.34,2197,1523
"Wheat",250,1964,142,1.65,53,46
"Wheat",258,1964,147,1.94,NULL,NULL
"Wheat",259,1964,2282,2.65,167,439
"Wheat",260,1964,13,1.81,NULL,1
"Wheat",261,1964,56,2.26,396,544
"Wheat",262,1964,131,1.46,48,31
"Wheat",170,1964,NULL,NULL,60,51
"Wheat",1,1963,26,1.57,NULL,NULL
"Wheat",9,1963,32,2.95,NULL,NULL
"Wheat",10,1963,141,2.08,44,40
"Wheat",36,1963,221,1.83,137,97
"Wheat",45,1963,605,0.88,1007,592
"Wheat",56,1963,16,1.88,NULL,NULL
"Wheat",75,1963,27,1.68,NULL,NULL
"Wheat",86,1963,52,1.94,NULL,6
"Wheat",108,1963,1010,2.50,46,30
"Wheat",109,1963,1943,2.68,33,40
"Wheat",111,1963,1444,2.68,27,10
"Wheat",113,1963,79,1.87,118,141
"Wheat",122,1963,5048,1.44,12114,8311
"Wheat",124,1963,118,2.01,2,2
"Wheat",137,1963,40,1.88,168,152
"Wheat",148,1963,105,1.91,48,142
"Wheat",153,1963,1074,2.55,66,30
"Wheat",154,1963,606,1.66,2146,2090
"Wheat",155,1963,35,2.08,NULL,NULL
"Wheat",156,1963,1095,2.21,617,569
"Wheat",159,1963,2512,1.57,762,660
"Wheat",164,1963,1647,1.44,4036,2633
"Wheat",168,1963,21,2.74,NULL,NULL
"Wheat",171,1963,27,1.91,6,10
"Wheat",172,1963,103,1.27,110,72
"Wheat",173,1963,204,2.48,207,511
"Wheat",178,1963,163,1.78,3,10
"Wheat",179,1963,3418,1.49,3356,2646
"Wheat",183,1963,1511,2.55,69,23
"Wheat",184,1963,2052,1.41,1580,1223
"Wheat",186,1963,762,2.38,226,150
"Wheat",192,1963,407,2.08,39,47
"Wheat",219,1963,51,1.81,NULL,1
"Wheat",220,1963,827,0.98,1324,1273
"Wheat",234,1963,95,1.88,13,13
"Wheat",235,1963,1237,1.24,3046,2197
"Wheat",250,1963,143,1.70,42,53
"Wheat",258,1963,100,1.51,165,NULL
"Wheat",259,1963,1998,2.51,215,167
"Wheat",260,1963,12,1.74,1,NULL
"Wheat",261,1963,57,2.48,599,396
"Wheat",262,1963,132,1.35,91,48
"Wheat",170,1963,NULL,NULL,13,60
"Wheat",1,1962,22,1.61,NULL,NULL
"Wheat",9,1962,27,2.82,2,NULL
"Wheat",10,1962,83,1.84,58,44
"Wheat",36,1962,287,2.35,114,137
"Wheat",45,1962,999,1.28,1317,1007
"Wheat",56,1962,14,1.91,NULL,NULL
"Wheat",75,1962,21,1.74,NULL,NULL
"Wheat",86,1962,31,1.68,NULL,NULL
"Wheat",108,1962,877,2.42,85,46
"Wheat",109,1962,1397,2.18,246,33
"Wheat",111,1962,1086,2.28,84,27
"Wheat",113,1962,59,1.66,225,118
"Wheat",122,1962,5747,1.57,12940,12114
"Wheat",124,1962,92,1.74,17,2
"Wheat",137,1962,22,1.27,296,168
"Wheat",148,1962,91,1.81,74,48
"Wheat",153,1962,818,2.21,124,66
"Wheat",154,1962,487,1.66,2060,2146
"Wheat",155,1962,21,1.74,25,NULL
"Wheat",156,1962,717,1.81,1150,617
"Wheat",159,1962,2159,1.51,950,762
"Wheat",164,1962,1464,1.31,4626,4036
"Wheat",168,1962,17,2.50,NULL,NULL
"Wheat",171,1962,31,2.21,12,6
"Wheat",172,1962,115,1.34,83,110
"Wheat",173,1962,174,2.35,886,207
"Wheat",178,1962,133,1.61,33,3
"Wheat",179,1962,4257,1.92,2001,3356
"Wheat",183,1962,1078,2.15,242,69
"Wheat",184,1962,1934,1.27,1891,1580
"Wheat",186,1962,687,2.47,374,226
"Wheat",192,1962,343,1.88,70,39
"Wheat",219,1962,36,1.61,10,NULL
"Wheat",220,1962,832,1.16,1304,1324
"Wheat",234,1962,66,1.54,57,13
"Wheat",235,1962,1189,1.07,2976,3046
"Wheat",250,1962,147,1.77,75,42
"Wheat",258,1962,104,1.54,434,165
"Wheat",259,1962,1858,2.64,355,215
"Wheat",260,1962,10,1.61,NULL,1
"Wheat",261,1962,50,2.37,595,599
"Wheat",262,1962,116,1.37,96,91
"Wheat",170,1962,NULL,NULL,55,13
"Wheat",1,1961,39,1.74,20,NULL
"Wheat",9,1961,30,2.89,2,2
"Wheat",10,1961,134,2.05,156,58
"Wheat",36,1961,237,1.74,146,114
"Wheat",45,1961,1545,1.54,1501,1317
"Wheat",56,1961,17,1.88,NULL,NULL
"Wheat",75,1961,18,1.61,NULL,NULL
"Wheat",86,1961,69,1.81,5,NULL
"Wheat",108,1961,929,2.19,136,85
"Wheat",109,1961,1638,2.42,135,246
"Wheat",111,1961,1193,2.28,41,84
"Wheat",113,1961,87,1.74,182,225
"Wheat",122,1961,7450,1.78,12555,12940
"Wheat",124,1961,128,1.81,9,17
"Wheat",137,1961,22,1.61,373,296
"Wheat",148,1961,100,1.74,76,74
"Wheat",153,1961,1088,2.42,109,124
"Wheat",154,1961,676,1.61,2149,2060
"Wheat",155,1961,32,1.88,NULL,25
"Wheat",156,1961,1140,2.05,960,1150
"Wheat",159,1961,1471,0.98,1363,950
"Wheat",164,1961,2144,1.64,4640,4626
"Wheat",168,1961,9,1.98,NULL,NULL
"Wheat",171,1961,37,2.21,NULL,12
"Wheat",172,1961,217,1.94,66,83
"Wheat",173,1961,225,2.28,792,886
"Wheat",178,1961,309,1.94,15,33
"Wheat",179,1961,1889,0.81,2705,2001
"Wheat",183,1961,1229,2.08,83,242
"Wheat",184,1961,3016,1.61,2555,1891
"Wheat",186,1961,560,1.74,582,374
"Wheat",192,1961,427,2.01,52,70
"Wheat",219,1961,100,1.78,3,10
"Wheat",220,1961,911,0.97,1532,1304
"Wheat",234,1961,104,1.74,44,57
"Wheat",235,1961,2310,1.54,3279,2976
"Wheat",250,1961,116,1.31,67,75
"Wheat",258,1961,184,1.84,291,434
"Wheat",259,1961,1504,1.88,878,355
"Wheat",260,1961,16,1.74,3,NULL
"Wheat",261,1961,56,2.34,735,595
"Wheat",262,1961,133,1.43,87,96
"Wheat",170,1961,NULL,NULL,22,55
"Wheat",1,1960,32,1.68,NULL,20
"Wheat",9,1960,21,2.42,17,2
"Wheat",10,1960,115,2.15,124,156
"Wheat",36,1960,221,1.57,146,146
"Wheat",45,1960,1814,1.81,1225,1501
"Wheat",56,1960,21,2.08,NULL,NULL
"Wheat",86,1960,54,1.61,3,5
"Wheat",108,1960,925,2.16,203,136
"Wheat",109,1960,1244,1.94,60,135
"Wheat",111,1960,1103,2.21,31,41
"Wheat",113,1960,79,1.66,203,182
"Wheat",122,1960,8012,1.91,11963,12555
"Wheat",124,1960,130,1.94,5,9
"Wheat",137,1960,22,1.74,311,373
"Wheat",148,1960,117,1.94,57,76
"Wheat",153,1960,915,2.11,117,109
"Wheat",154,1960,716,1.84,1990,2149
"Wheat",155,1960,30,2.05,NULL,NULL
"Wheat",156,1960,1024,1.91,894,960
"Wheat",159,1960,2161,1.35,1270,1363
"Wheat",164,1960,2332,1.91,4314,4640
"Wheat",168,1960,12,2.19,NULL,NULL
"Wheat",171,1960,40,2.21,7,NULL
"Wheat",172,1960,127,1.21,56,66
"Wheat",173,1960,200,2.01,571,792
"Wheat",178,1960,209,1.57,15,15
"Wheat",179,1960,3470,1.33,2159,2705
"Wheat",183,1960,1360,2.35,65,83
"Wheat",184,1960,3301,1.74,2448,2555
"Wheat",186,1960,724,2.25,850,582
"Wheat",192,1960,429,1.98,38,52
"Wheat",219,1960,78,1.54,3,3
"Wheat",220,1960,1276,1.31,1289,1532
"Wheat",234,1960,89,1.61,73,44
"Wheat",235,1960,2145,1.47,2892,3279
"Wheat",250,1960,144,1.55,85,67
"Wheat",258,1960,175,1.74,219,291
"Wheat",259,1960,1771,2.24,1194,878
"Wheat",260,1960,19,1.81,NULL,3
"Wheat",261,1960,46,2.23,716,735
"Wheat",262,1960,148,1.51,93,87
"Wheat",75,1960,NULL,NULL,NULL,NULL
"Wheat",170,1960,NULL,NULL,16,22
